,Milliseconds,Sales,MediaType,Region
0,342562,3.96,Protected AAC audio file,Europe
1,252051,3.96,Protected AAC audio file,Europe
2,263288,0.99,MPEG audio file,Europe
3,210834,1.98,MPEG audio file,Europe
4,263497,1.98,MPEG audio file,Europe
5,205662,4.95,MPEG audio file,Europe
6,215196,0.99,MPEG audio file,Europe
7,369319,1.98,MPEG audio file,Europe
8,307617,1.98,MPEG audio file,Europe
9,321828,3.96,MPEG audio file,Europe
10,215875,4.95,MPEG audio file,Europe
11,330736,4.95,MPEG audio file,Europe
12,263262,0.99,MPEG audio file,North  America
13,436453,1.98,MPEG audio file,North  America
14,169508,2.97,MPEG audio file,North  America
15,350197,2.97,MPEG audio file,North  America
16,241946,2.97,MPEG audio file,North  America
17,169900,4.95,MPEG audio file,North  America
18,176117,4.95,MPEG audio file,North  America
19,227631,4.95,MPEG audio file,North  America
20,344163,4.95,MPEG audio file,North  America
21,319373,0.99,MPEG audio file,North  America
22,166426,1.98,MPEG audio file,North  America
23,223216,1.98,MPEG audio file,North  America
24,235311,1.98,MPEG audio file,North  America
25,294060,1.98,MPEG audio file,North  America
26,204930,1.98,MPEG audio file,North  America
27,194873,2.97,MPEG audio file,North  America
28,141923,2.97,MPEG audio file,North  America
29,255529,3.96,MPEG audio file,North  America
30,278125,3.96,MPEG audio file,North  America
31,234814,3.96,MPEG audio file,North  America
32,402390,3.96,MPEG audio file,North  America
33,223111,4.95,MPEG audio file,North  America
34,148793,4.95,MPEG audio file,North  America
35,283402,1.98,MPEG audio file,Europe
36,132493,0.99,MPEG audio file,Europe
37,189675,0.99,MPEG audio file,Europe
38,172120,1.98,MPEG audio file,Europe
39,186801,2.97,MPEG audio file,Europe
40,260257,0.99,MPEG audio file,Europe
41,175386,1.98,MPEG audio file,Europe
42,153208,4.95,MPEG audio file,Europe
43,169717,4.95,MPEG audio file,Europe
44,132231,0.99,MPEG audio file,Europe
45,175333,3.96,MPEG audio file,Europe
46,221492,3.96,MPEG audio file,Europe
47,152555,4.95,MPEG audio file,Europe
48,227317,4.95,MPEG audio file,Europe
49,240091,4.95,MPEG audio file,Europe
50,214595,1.98,MPEG audio file,Europe
51,267363,1.98,MPEG audio file,Europe
52,193253,2.97,MPEG audio file,Europe
53,221544,2.97,MPEG audio file,Europe
54,244715,3.96,MPEG audio file,Europe
55,271856,4.95,MPEG audio file,Europe
56,231392,4.95,MPEG audio file,Europe
57,222145,4.95,MPEG audio file,Europe
58,225488,4.95,MPEG audio file,Europe
59,176326,0.99,MPEG audio file,Europe
60,619467,0.99,MPEG audio file,Europe
61,248032,0.99,MPEG audio file,Europe
62,214256,1.98,MPEG audio file,Europe
63,88894,1.98,MPEG audio file,Europe
64,255791,1.98,MPEG audio file,Europe
65,401920,1.98,MPEG audio file,Europe
66,170292,2.97,MPEG audio file,Europe
67,270158,2.97,MPEG audio file,Europe
68,149315,2.97,MPEG audio file,Europe
69,242468,2.97,MPEG audio file,Europe
70,343745,2.97,MPEG audio file,Europe
71,274808,2.97,MPEG audio file,Europe
72,225097,4.95,MPEG audio file,Europe
73,296124,3.96,MPEG audio file,North  America
74,167262,0.99,MPEG audio file,North  America
75,310778,0.99,MPEG audio file,North  America
76,316865,1.98,MPEG audio file,North  America
77,288757,3.96,MPEG audio file,North  America
78,181629,0.99,MPEG audio file,North  America
79,134164,2.97,MPEG audio file,North  America
80,135888,3.96,MPEG audio file,North  America
81,234083,4.95,MPEG audio file,North  America
82,170187,0.99,MPEG audio file,North  America
83,391549,0.99,MPEG audio file,North  America
84,347036,2.97,MPEG audio file,North  America
85,239699,3.96,MPEG audio file,North  America
86,135523,4.95,MPEG audio file,North  America
87,213420,4.95,MPEG audio file,North  America
88,255921,1.98,MPEG audio file,North  America
89,181577,1.98,MPEG audio file,North  America
90,618031,1.98,MPEG audio file,North  America
91,382981,2.97,MPEG audio file,North  America
92,259761,2.97,MPEG audio file,North  America
93,287817,3.96,MPEG audio file,North  America
94,195186,3.96,MPEG audio file,North  America
95,299676,3.96,MPEG audio file,North  America
96,336692,3.96,MPEG audio file,North  America
97,194089,0.99,MPEG audio file,Europe
98,243461,0.99,MPEG audio file,Europe
99,154279,0.99,MPEG audio file,Europe
100,378618,0.99,MPEG audio file,Europe
101,191555,1.98,MPEG audio file,Europe
102,330945,1.98,MPEG audio file,Europe
103,233769,2.97,MPEG audio file,Europe
104,285178,2.97,MPEG audio file,Europe
105,226168,3.96,MPEG audio file,Europe
106,201560,3.96,MPEG audio file,Europe
107,238445,3.96,MPEG audio file,Europe
108,116767,3.96,MPEG audio file,Europe
109,163970,3.96,MPEG audio file,Europe
110,345025,4.95,MPEG audio file,Europe
111,239360,3.96,MPEG audio file,Europe
112,281286,0.99,MPEG audio file,Oceania
113,163604,2.97,MPEG audio file,South America
114,296385,3.96,MPEG audio file,South America
115,244114,4.95,MPEG audio file,Oceania
116,178181,0.99,MPEG audio file,Asia
117,207804,0.99,MPEG audio file,Asia
118,131918,2.97,MPEG audio file,Asia
119,385619,2.97,MPEG audio file,Asia
120,200437,0.99,MPEG audio file,Europe
121,298919,0.99,MPEG audio file,Europe
122,342804,0.99,MPEG audio file,Europe
123,194899,1.98,MPEG audio file,Europe
124,316865,3.96,MPEG audio file,Europe
125,243696,4.95,MPEG audio file,Europe
126,242834,1.98,MPEG audio file,South America
127,620460,1.98,MPEG audio file,South America
128,257384,1.98,MPEG audio file,South America
129,274390,2.97,MPEG audio file,South America
130,414902,2.97,MPEG audio file,South America
131,424829,2.97,MPEG audio file,South America
132,290455,2.97,MPEG audio file,South America
133,295053,3.96,MPEG audio file,South America
134,188473,4.95,MPEG audio file,South America
135,252891,0.99,MPEG audio file,North  America
136,231732,0.99,MPEG audio file,North  America
137,274729,0.99,MPEG audio file,North  America
138,346932,0.99,MPEG audio file,North  America
139,257462,0.99,MPEG audio file,North  America
140,244741,0.99,MPEG audio file,North  America
141,270968,1.98,MPEG audio file,North  America
142,180793,1.98,MPEG audio file,North  America
143,349335,1.98,MPEG audio file,North  America
144,280999,2.97,MPEG audio file,North  America
145,327105,2.97,MPEG audio file,North  America
146,354089,2.97,MPEG audio file,North  America
147,267833,4.95,MPEG audio file,North  America
148,355056,4.95,MPEG audio file,North  America
149,128757,0.99,MPEG audio file,North  America
150,257253,0.99,MPEG audio file,Europe
151,228493,0.99,MPEG audio file,Europe
152,209867,1.98,MPEG audio file,Europe
153,326217,1.98,MPEG audio file,Europe
154,223242,0.99,MPEG audio file,Europe
155,267937,0.99,MPEG audio file,Europe
156,232698,3.96,MPEG audio file,Europe
157,273658,4.95,MPEG audio file,Europe
158,202527,0.99,MPEG audio file,Europe
159,185835,1.98,MPEG audio file,Europe
160,297168,1.98,MPEG audio file,Europe
161,158275,2.97,MPEG audio file,Europe
162,186435,2.97,MPEG audio file,Europe
163,209319,3.96,MPEG audio file,Europe
164,298396,1.98,MPEG audio file,Europe
165,355030,2.97,MPEG audio file,Europe
166,302994,2.97,MPEG audio file,Europe
167,174524,3.96,MPEG audio file,Europe
168,199523,3.96,MPEG audio file,Europe
169,229198,3.96,MPEG audio file,Europe
170,231993,4.95,MPEG audio file,Europe
171,266370,4.95,MPEG audio file,Europe
172,237165,4.95,MPEG audio file,Europe
173,232724,0.99,MPEG audio file,South America
174,194429,0.99,MPEG audio file,South America
175,264489,0.99,MPEG audio file,South America
176,282409,0.99,MPEG audio file,South America
177,316969,1.98,MPEG audio file,South America
178,558602,2.97,MPEG audio file,South America
179,263993,2.97,MPEG audio file,South America
180,260884,2.97,MPEG audio file,South America
181,146782,2.97,MPEG audio file,South America
182,149263,3.96,MPEG audio file,South America
183,292075,3.96,MPEG audio file,South America
184,244453,3.96,MPEG audio file,South America
185,292493,3.96,MPEG audio file,South America
186,191660,4.95,MPEG audio file,South America
187,182321,1.98,Protected AAC audio file,South America
188,143637,0.99,Protected AAC audio file,North  America
189,328282,1.98,Protected AAC audio file,North  America
190,184016,1.98,Protected AAC audio file,South America
191,298374,1.98,Protected AAC audio file,South America
192,257600,0.99,Protected AAC audio file,North  America
193,318901,2.97,Protected AAC audio file,North  America
194,203637,3.96,Protected AAC audio file,North  America
195,322175,3.96,Protected AAC audio file,North  America
196,361012,0.99,MPEG audio file,North  America
197,424960,0.99,MPEG audio file,North  America
198,379167,1.98,MPEG audio file,North  America
199,242390,2.97,MPEG audio file,North  America
200,196205,4.95,MPEG audio file,North  America
201,563800,4.95,MPEG audio file,North  America
202,448574,1.98,MPEG audio file,North  America
203,434442,1.98,MPEG audio file,North  America
204,506801,3.96,MPEG audio file,North  America
205,312032,4.95,MPEG audio file,North  America
206,237557,4.95,MPEG audio file,North  America
207,255634,4.95,MPEG audio file,North  America
208,282488,4.95,MPEG audio file,North  America
209,412152,2.97,Protected AAC audio file,North  America
210,564893,4.95,Protected AAC audio file,North  America
211,294347,0.99,MPEG audio file,Europe
212,435513,1.98,MPEG audio file,Europe
213,412525,2.97,MPEG audio file,Europe
214,232672,2.97,MPEG audio file,Europe
215,105926,3.96,MPEG audio file,Europe
216,288757,3.96,MPEG audio file,Europe
217,320548,3.96,MPEG audio file,Europe
218,335307,3.96,MPEG audio file,Europe
219,300434,3.96,MPEG audio file,Europe
220,236173,4.95,MPEG audio file,Europe
221,441155,4.95,MPEG audio file,Europe
222,275121,4.95,MPEG audio file,Europe
223,275408,4.95,MPEG audio file,Europe
224,305475,4.95,MPEG audio file,Europe
225,428669,2.97,MPEG audio file,Europe
226,228884,1.98,MPEG audio file,Europe
227,203180,2.97,MPEG audio file,Europe
228,303699,2.97,MPEG audio file,Europe
229,361299,4.95,MPEG audio file,Europe
230,337658,0.99,MPEG audio file,Oceania
231,357799,0.99,MPEG audio file,Oceania
232,443977,2.97,MPEG audio file,Oceania
233,380786,4.95,MPEG audio file,Oceania
234,218226,0.99,MPEG audio file,Asia
235,212401,0.99,MPEG audio file,Asia
236,168228,1.98,MPEG audio file,Asia
237,250723,3.96,MPEG audio file,Asia
238,483657,3.96,MPEG audio file,Asia
239,290377,4.95,MPEG audio file,Asia
240,341629,1.98,MPEG audio file,Europe
241,153077,1.98,MPEG audio file,Europe
242,384130,2.97,MPEG audio file,Europe
243,142889,3.96,MPEG audio file,Europe
244,354560,3.96,MPEG audio file,Europe
245,230635,3.96,MPEG audio file,Europe
246,247222,3.96,MPEG audio file,Europe
247,247719,4.95,MPEG audio file,Europe
248,313626,4.95,MPEG audio file,Europe
249,283898,1.98,MPEG audio file,North  America
250,270785,1.98,MPEG audio file,North  America
251,356284,1.98,MPEG audio file,North  America
252,241084,1.98,MPEG audio file,North  America
253,227526,2.97,MPEG audio file,North  America
254,335542,2.97,MPEG audio file,North  America
255,198060,2.97,MPEG audio file,North  America
256,1116734,2.97,MPEG audio file,North  America
257,223216,2.97,MPEG audio file,North  America
258,216293,3.96,MPEG audio file,North  America
259,220891,3.96,MPEG audio file,North  America
260,343484,4.95,MPEG audio file,North  America
261,229093,4.95,MPEG audio file,North  America
262,193560,0.99,Protected AAC audio file,North  America
263,274860,1.98,MPEG audio file,North  America
264,508055,1.98,MPEG audio file,North  America
265,132702,2.97,MPEG audio file,North  America
266,150230,3.96,MPEG audio file,North  America
267,287973,4.95,MPEG audio file,North  America
268,287791,0.99,MPEG audio file,Europe
269,159216,2.97,MPEG audio file,Europe
270,260728,2.97,MPEG audio file,Europe
271,144875,4.95,MPEG audio file,Europe
272,284107,0.99,MPEG audio file,Europe
273,233273,2.97,MPEG audio file,Europe
274,316186,3.96,MPEG audio file,Europe
275,384391,3.96,MPEG audio file,Europe
276,246047,4.95,MPEG audio file,Europe
277,259500,4.95,MPEG audio file,Europe
278,203781,0.99,MPEG audio file,Europe
279,278256,1.98,MPEG audio file,Europe
280,295131,1.98,MPEG audio file,Europe
281,295053,2.97,MPEG audio file,Europe
282,230321,2.97,MPEG audio file,Europe
283,173897,3.96,MPEG audio file,Europe
284,302158,3.96,MPEG audio file,Europe
285,211591,3.96,MPEG audio file,Europe
286,1612329,4.95,MPEG audio file,Europe
287,261041,0.99,MPEG audio file,Europe
288,203520,0.99,MPEG audio file,Europe
289,183066,0.99,MPEG audio file,Europe
290,387082,0.99,MPEG audio file,Europe
291,194821,0.99,MPEG audio file,Europe
292,133093,0.99,MPEG audio file,Europe
293,263549,2.97,MPEG audio file,Europe
294,246073,2.97,MPEG audio file,Europe
295,398315,2.97,MPEG audio file,Europe
296,328254,3.96,MPEG audio file,Europe
297,152424,3.96,MPEG audio file,Europe
298,408163,3.96,MPEG audio file,Europe
299,137717,4.95,MPEG audio file,Europe
300,188395,4.95,MPEG audio file,Europe
301,515239,4.95,MPEG audio file,Europe
302,387186,0.99,MPEG audio file,Europe
303,347428,3.96,MPEG audio file,South America
304,330919,3.96,MPEG audio file,South America
305,396199,4.95,MPEG audio file,Europe
306,279353,0.99,MPEG audio file,South America
307,245394,1.98,MPEG audio file,South America
308,395520,2.97,MPEG audio file,South America
309,313103,4.95,MPEG audio file,South America
310,315898,0.99,MPEG audio file,North  America
311,311719,0.99,MPEG audio file,North  America
312,505626,0.99,MPEG audio file,North  America
313,527986,1.98,MPEG audio file,North  America
314,396878,3.96,MPEG audio file,North  America
315,430210,3.96,MPEG audio file,North  America
316,238550,0.99,MPEG audio file,North  America
317,214961,2.97,MPEG audio file,North  America
318,72463,2.97,MPEG audio file,North  America
319,272796,2.97,MPEG audio file,North  America
320,203337,2.97,MPEG audio file,North  America
321,199758,3.96,MPEG audio file,North  America
322,413910,3.96,MPEG audio file,North  America
323,134191,4.95,MPEG audio file,North  America
324,345547,4.95,MPEG audio file,North  America
325,198191,0.99,MPEG audio file,North  America
326,276767,0.99,MPEG audio file,North  America
327,143281,0.99,MPEG audio file,North  America
328,286197,1.98,MPEG audio file,North  America
329,169926,2.97,MPEG audio file,North  America
330,203415,3.96,MPEG audio file,North  America
331,225880,3.96,MPEG audio file,North  America
332,127555,3.96,MPEG audio file,North  America
333,208378,3.96,MPEG audio file,North  America
334,159555,4.95,MPEG audio file,North  America
335,148558,4.95,MPEG audio file,North  America
336,161253,4.95,MPEG audio file,North  America
337,329795,4.95,MPEG audio file,North  America
338,245681,4.95,MPEG audio file,North  America
339,161175,2.97,MPEG audio file,Europe
340,229590,1.98,MPEG audio file,Europe
341,250070,1.98,MPEG audio file,Europe
342,275644,2.97,MPEG audio file,Europe
343,148871,4.95,MPEG audio file,Europe
344,322716,2.97,MPEG audio file,Europe
345,290851,0.99,Protected AAC audio file,Europe
346,312980,1.98,Protected AAC audio file,Europe
347,444358,3.96,Protected AAC audio file,Europe
348,357067,0.99,MPEG audio file,Oceania
349,261302,0.99,MPEG audio file,Oceania
350,318511,0.99,MPEG audio file,Oceania
351,405028,1.98,MPEG audio file,Oceania
352,349440,2.97,MPEG audio file,Oceania
353,246465,4.95,MPEG audio file,Oceania
354,235232,0.99,MPEG audio file,Europe
355,122801,0.99,MPEG audio file,Europe
356,212297,1.98,MPEG audio file,Europe
357,221596,1.98,MPEG audio file,Europe
358,278595,2.97,MPEG audio file,Europe
359,178573,3.96,MPEG audio file,Europe
360,258638,3.96,MPEG audio file,Europe
361,219428,3.96,MPEG audio file,Europe
362,209188,4.95,MPEG audio file,Europe
363,29048,0.99,MPEG audio file,South America
364,169325,0.99,MPEG audio file,South America
365,191503,1.98,MPEG audio file,South America
366,200254,1.98,MPEG audio file,South America
367,121808,2.97,MPEG audio file,South America
368,189257,2.97,MPEG audio file,South America
369,170553,2.97,MPEG audio file,South America
370,160235,3.96,MPEG audio file,South America
371,260310,3.96,MPEG audio file,South America
372,161253,3.96,MPEG audio file,South America
373,231235,3.96,MPEG audio file,South America
374,284055,4.95,MPEG audio file,South America
375,172225,4.95,MPEG audio file,South America
376,333087,4.95,MPEG audio file,South America
377,233482,0.99,MPEG audio file,North  America
378,245315,0.99,MPEG audio file,North  America
379,229929,0.99,MPEG audio file,North  America
380,194768,1.98,MPEG audio file,North  America
381,208509,3.96,MPEG audio file,North  America
382,229276,0.99,MPEG audio file,North  America
383,172016,3.96,MPEG audio file,North  America
384,260623,3.96,MPEG audio file,North  America
385,220630,4.95,MPEG audio file,North  America
386,293276,0.99,MPEG audio file,Europe
387,165067,0.99,MPEG audio file,Europe
388,244897,0.99,MPEG audio file,Europe
389,121652,2.97,MPEG audio file,Europe
390,203206,2.97,MPEG audio file,Europe
391,232515,2.97,MPEG audio file,Europe
392,667428,0.99,MPEG audio file,Europe
393,217234,1.98,MPEG audio file,Europe
394,71941,1.98,MPEG audio file,Europe
395,232960,1.98,MPEG audio file,Europe
396,112613,2.97,MPEG audio file,Europe
397,270654,2.97,MPEG audio file,Europe
398,264359,3.96,MPEG audio file,Europe
399,317413,3.96,MPEG audio file,Europe
400,163787,3.96,MPEG audio file,Europe
401,475402,0.99,MPEG audio file,Europe
402,362475,0.99,MPEG audio file,Europe
403,261433,1.98,MPEG audio file,Europe
404,291500,1.98,MPEG audio file,Europe
405,245629,1.98,MPEG audio file,Europe
406,256365,2.97,MPEG audio file,Europe
407,317492,2.97,MPEG audio file,Europe
408,229877,3.96,MPEG audio file,Europe
409,473391,3.96,MPEG audio file,Europe
410,232594,3.96,MPEG audio file,Europe
411,298083,3.96,MPEG audio file,Europe
412,253570,3.96,MPEG audio file,Europe
413,299389,4.95,MPEG audio file,Europe
414,305528,4.95,MPEG audio file,Europe
415,314017,4.95,MPEG audio file,Europe
416,194403,0.99,MPEG audio file,Europe
417,228127,2.97,MPEG audio file,Europe
418,63764,3.96,MPEG audio file,Europe
419,96914,3.96,MPEG audio file,Europe
420,205897,0.99,MPEG audio file,Europe
421,249312,1.98,MPEG audio file,Europe
422,211435,2.97,MPEG audio file,Europe
423,320783,4.95,MPEG audio file,Europe
424,286981,0.99,MPEG audio file,South America
425,526471,0.99,MPEG audio file,South America
426,404688,2.97,MPEG audio file,South America
427,233639,2.97,MPEG audio file,South America
428,505521,2.97,MPEG audio file,South America
429,389146,3.96,MPEG audio file,South America
430,235755,0.99,MPEG audio file,North  America
431,262817,1.98,MPEG audio file,North  America
432,153913,1.98,MPEG audio file,North  America
433,227500,2.97,MPEG audio file,North  America
434,241632,2.97,MPEG audio file,North  America
435,368431,2.97,MPEG audio file,North  America
436,189675,3.96,MPEG audio file,North  America
437,230060,3.96,MPEG audio file,North  America
438,217678,4.95,MPEG audio file,North  America
439,382119,0.99,MPEG audio file,North  America
440,158511,2.97,MPEG audio file,North  America
441,300512,2.97,MPEG audio file,North  America
442,176013,2.97,MPEG audio file,North  America
443,327418,2.97,MPEG audio file,North  America
444,241867,3.96,MPEG audio file,North  America
445,181890,3.96,MPEG audio file,North  America
446,277968,4.95,MPEG audio file,North  America
447,177711,4.95,MPEG audio file,North  America
448,242599,4.95,MPEG audio file,North  America
449,181159,4.95,MPEG audio file,North  America
450,337266,4.95,MPEG audio file,North  America
451,338520,4.95,MPEG audio file,North  America
452,161253,4.95,MPEG audio file,North  America
453,230504,4.95,MPEG audio file,Europe
454,199131,0.99,MPEG audio file,Europe
455,218331,4.95,MPEG audio file,Europe
456,222484,4.95,MPEG audio file,Europe
457,245995,4.95,MPEG audio file,Europe
458,191503,1.98,MPEG audio file,Europe
459,158458,2.97,MPEG audio file,Europe
460,189988,3.96,MPEG audio file,Europe
461,184946,4.95,MPEG audio file,Europe
462,195840,1.98,MPEG audio file,Europe
463,224261,2.97,MPEG audio file,Europe
464,208613,2.97,MPEG audio file,Europe
465,212401,4.95,MPEG audio file,Europe
466,209084,4.95,MPEG audio file,Europe
467,5286953,7.96,Protected MPEG-4 video file,Europe
468,2573031,3.98,Protected MPEG-4 video file,South America
469,2637458,3.98,Protected MPEG-4 video file,South America
470,2626376,3.98,Protected MPEG-4 video file,South America
471,2713755,3.98,Protected MPEG-4 video file,South America
472,2869953,5.97,Protected MPEG-4 video file,South America
473,2587370,5.97,Protected MPEG-4 video file,South America
474,2627791,5.97,Protected MPEG-4 video file,South America
475,2600266,7.96,Protected MPEG-4 video file,South America
476,2602727,9.95,Protected MPEG-4 video file,South America
477,276192,0.99,MPEG audio file,Europe
478,202631,0.99,MPEG audio file,Europe
479,195604,0.99,MPEG audio file,Europe
480,257776,1.98,MPEG audio file,Europe
481,263497,2.97,MPEG audio file,Europe
482,264568,3.96,MPEG audio file,Europe
483,194612,4.95,MPEG audio file,Europe
484,281443,4.95,MPEG audio file,Europe
485,293041,4.95,MPEG audio file,Europe
486,2612894,1.99,Protected MPEG-4 video file,Europe
487,2825166,3.98,Protected MPEG-4 video file,Europe
488,2600333,5.97,Protected MPEG-4 video file,Europe
489,2515882,7.96,Protected MPEG-4 video file,Europe
490,2618619,7.96,Protected MPEG-4 video file,Europe
491,179853,3.96,MPEG audio file,North  America
492,258194,0.99,MPEG audio file,North  America
493,336274,0.99,MPEG audio file,North  America
494,230217,1.98,MPEG audio file,North  America
495,278204,4.95,MPEG audio file,North  America
496,243487,0.99,MPEG audio file,North  America
497,333505,1.98,MPEG audio file,North  America
498,254458,3.96,MPEG audio file,North  America
499,392359,3.96,MPEG audio file,North  America
500,270053,0.99,MPEG audio file,North  America
501,213342,1.98,MPEG audio file,North  America
502,186723,1.98,MPEG audio file,North  America
503,334524,3.96,MPEG audio file,North  America
504,298475,4.95,MPEG audio file,North  America
505,324440,4.95,MPEG audio file,North  America
506,330788,0.99,MPEG audio file,Europe
507,225985,1.98,MPEG audio file,Europe
508,102164,1.98,MPEG audio file,Europe
509,321828,1.98,MPEG audio file,Europe
510,102556,2.97,MPEG audio file,Europe
511,241711,3.96,MPEG audio file,Europe
512,514612,3.96,MPEG audio file,Europe
513,222850,4.95,MPEG audio file,Europe
514,265613,4.95,MPEG audio file,Europe
515,245394,0.99,MPEG audio file,Europe
516,237844,0.99,MPEG audio file,Europe
517,233874,1.98,MPEG audio file,Europe
518,262791,1.98,MPEG audio file,Europe
519,236591,2.97,MPEG audio file,Europe
520,219454,4.95,MPEG audio file,Europe
521,1253541,1.99,Protected MPEG-4 video file,Europe
522,2925008,5.97,Protected MPEG-4 video file,Europe
523,1282115,5.97,Protected MPEG-4 video file,Europe
524,1279904,7.96,Protected MPEG-4 video file,Europe
525,1271521,9.95,Protected MPEG-4 video file,Europe
526,2687103,9.95,Protected MPEG-4 video file,Europe
527,2615990,9.95,Protected MPEG-4 video file,Europe
528,1237791,9.95,Protected MPEG-4 video file,Europe
529,2922088,3.98,Protected MPEG-4 video file,Asia
530,2484567,3.98,Protected MPEG-4 video file,North  America
531,2927677,3.98,Protected MPEG-4 video file,South America
532,2610860,5.97,Protected MPEG-4 video file,North  America
533,2923548,9.95,Protected MPEG-4 video file,South America
534,274644,2.97,Protected AAC audio file,Europe
535,215084,3.96,Protected AAC audio file,Europe
536,232778,3.96,Protected AAC audio file,Europe
537,278312,4.95,Protected AAC audio file,Europe
538,227995,0.99,Protected AAC audio file,Europe
539,515435,0.99,Protected AAC audio file,Europe
540,258343,3.96,Protected AAC audio file,Europe
541,187546,4.95,Protected AAC audio file,Europe
542,239094,4.95,Protected AAC audio file,Europe
543,340890,4.95,Protected AAC audio file,Europe
544,237426,1.98,MPEG audio file,North  America
545,182230,2.97,MPEG audio file,North  America
546,114520,2.97,MPEG audio file,North  America
547,143830,4.95,MPEG audio file,North  America
548,237322,4.95,MPEG audio file,North  America
549,170213,4.95,MPEG audio file,North  America
550,332740,1.98,Protected AAC audio file,North  America
551,205332,3.96,Protected AAC audio file,North  America
552,2611903,1.99,Protected MPEG-4 video file,North  America
553,172710,0.99,AAC audio file,North  America
554,301974,0.99,Protected AAC audio file,North  America
555,213240,0.99,Protected AAC audio file,North  America
556,231803,1.98,Protected AAC audio file,North  America
557,391000,1.98,Protected AAC audio file,North  America
558,166680,1.98,Protected AAC audio file,North  America
559,220193,2.97,Protected AAC audio file,North  America
560,582029,2.97,Protected AAC audio file,North  America
561,230758,3.96,Protected AAC audio file,North  America
562,384497,3.96,Protected AAC audio file,North  America
563,258924,3.96,Protected AAC audio file,North  America
564,561967,3.96,Protected AAC audio file,North  America
565,2612028,5.97,Protected MPEG-4 video file,North  America
566,1814855,7.96,Protected MPEG-4 video file,North  America
567,215386,4.95,Protected AAC audio file,Europe
568,289388,2.97,Protected AAC audio file,Europe
569,225933,3.96,Protected AAC audio file,Europe
570,339567,0.99,Purchased AAC audio file,Europe
571,299350,0.99,Purchased AAC audio file,Europe
572,133768,0.99,Protected AAC audio file,Europe
573,142081,3.96,Protected AAC audio file,Europe
574,285673,3.96,Protected AAC audio file,Europe
575,364296,3.96,Protected AAC audio file,Europe
576,203102,0.99,MPEG audio file,Europe
577,205688,2.97,MPEG audio file,Europe
578,343719,2.97,MPEG audio file,Europe
579,139200,3.96,Protected AAC audio file,Europe
580,375418,3.96,Protected AAC audio file,Europe
581,51780,4.95,Purchased AAC audio file,Europe
582,325041,0.99,MPEG audio file,Europe
583,300355,0.99,MPEG audio file,Europe
584,222955,0.99,MPEG audio file,Europe
585,264698,1.98,MPEG audio file,Europe
586,240718,1.98,MPEG audio file,Europe
587,293485,1.98,MPEG audio file,Europe
588,381231,2.97,MPEG audio file,Europe
589,251977,3.96,MPEG audio file,Europe
590,261955,3.96,MPEG audio file,Europe
591,300721,0.99,MPEG audio file,North  America
592,246177,0.99,MPEG audio file,North  America
593,106266,0.99,MPEG audio file,North  America
594,266266,1.98,MPEG audio file,North  America
595,237531,1.98,MPEG audio file,North  America
596,47333,2.97,MPEG audio file,North  America
597,192496,2.97,MPEG audio file,North  America
598,206628,2.97,MPEG audio file,North  America
599,233691,3.96,MPEG audio file,North  America
600,274155,3.96,MPEG audio file,North  America
601,222380,3.96,MPEG audio file,North  America
602,271856,4.95,MPEG audio file,North  America
603,271960,4.95,MPEG audio file,North  America
604,106396,4.95,MPEG audio file,North  America
605,148793,4.95,MPEG audio file,North  America
606,133172,0.99,MPEG audio file,North  America
607,221936,0.99,MPEG audio file,North  America
608,144326,1.98,MPEG audio file,North  America
609,482429,3.96,MPEG audio file,North  America
610,141270,1.98,MPEG audio file,North  America
611,307252,1.98,MPEG audio file,North  America
612,190589,3.96,MPEG audio file,North  America
613,294765,4.95,MPEG audio file,North  America
614,383059,0.99,MPEG audio file,North  America
615,182256,1.98,MPEG audio file,North  America
616,162429,2.97,MPEG audio file,North  America
617,328071,3.96,MPEG audio file,North  America
618,167288,3.96,MPEG audio file,North  America
619,317570,4.95,MPEG audio file,North  America
620,256026,0.99,MPEG audio file,North  America
621,240091,1.98,MPEG audio file,North  America
622,251559,1.98,MPEG audio file,North  America
623,404323,1.98,MPEG audio file,North  America
624,304352,1.98,MPEG audio file,North  America
625,307095,3.96,MPEG audio file,North  America
626,194560,4.95,MPEG audio file,North  America
627,208222,4.95,MPEG audio file,North  America
628,298396,4.95,MPEG audio file,North  America
629,203493,0.99,MPEG audio file,Europe
630,289750,0.99,MPEG audio file,Europe
631,282723,0.99,MPEG audio file,Europe
632,371356,1.98,MPEG audio file,Europe
633,171284,1.98,MPEG audio file,Europe
634,284708,1.98,MPEG audio file,Europe
635,305005,2.97,MPEG audio file,Europe
636,254040,3.96,MPEG audio file,Europe
637,141008,3.96,MPEG audio file,Europe
638,389642,4.95,MPEG audio file,Europe
639,282200,4.95,MPEG audio file,Europe
640,188630,4.95,MPEG audio file,Europe
641,312032,4.95,MPEG audio file,Europe
642,249417,4.95,MPEG audio file,Europe
643,242468,0.99,MPEG audio file,Oceania
644,248346,3.96,MPEG audio file,Asia
645,185077,3.96,MPEG audio file,South America
646,227291,4.95,MPEG audio file,Asia
647,196257,4.95,MPEG audio file,South America
648,262243,1.98,MPEG audio file,South America
649,192496,2.97,MPEG audio file,South America
650,219742,2.97,MPEG audio file,South America
651,225332,3.96,MPEG audio file,South America
652,158354,0.99,MPEG audio file,Europe
653,193149,0.99,MPEG audio file,Europe
654,287634,1.98,MPEG audio file,Europe
655,298135,1.98,MPEG audio file,Europe
656,178364,3.96,MPEG audio file,Europe
657,315219,3.96,MPEG audio file,Europe
658,184398,0.99,MPEG audio file,South America
659,421982,0.99,MPEG audio file,South America
660,202213,0.99,MPEG audio file,South America
661,76303,0.99,MPEG audio file,South America
662,249678,1.98,MPEG audio file,South America
663,293015,1.98,MPEG audio file,South America
664,146938,2.97,MPEG audio file,South America
665,180950,2.97,MPEG audio file,South America
666,198164,3.96,MPEG audio file,South America
667,204199,0.99,MPEG audio file,North  America
668,476003,0.99,MPEG audio file,North  America
669,323213,0.99,MPEG audio file,North  America
670,222955,1.98,MPEG audio file,North  America
671,168437,1.98,MPEG audio file,North  America
672,473495,1.98,MPEG audio file,North  America
673,269165,1.98,MPEG audio file,North  America
674,804101,1.98,MPEG audio file,North  America
675,262635,2.97,MPEG audio file,North  America
676,179826,3.96,MPEG audio file,North  America
677,286302,3.96,MPEG audio file,North  America
678,344320,3.96,MPEG audio file,North  America
679,282331,4.95,MPEG audio file,North  America
680,913658,4.95,MPEG audio file,North  America
681,116767,2.97,MPEG audio file,Europe
682,275565,0.99,MPEG audio file,Europe
683,130063,1.98,MPEG audio file,Europe
684,174367,2.97,MPEG audio file,Europe
685,189022,4.95,MPEG audio file,Europe
686,140329,2.97,MPEG audio file,Europe
687,149394,2.97,MPEG audio file,Europe
688,162899,4.95,MPEG audio file,Europe
689,191451,4.95,MPEG audio file,Europe
690,175490,1.98,MPEG audio file,Europe
691,213237,1.98,MPEG audio file,Europe
692,253596,1.98,MPEG audio file,Europe
693,316630,1.98,MPEG audio file,Europe
694,228466,3.96,MPEG audio file,Europe
695,190119,4.95,MPEG audio file,Europe
696,227500,0.99,MPEG audio file,Europe
697,212506,1.98,MPEG audio file,Europe
698,188160,1.98,MPEG audio file,Europe
699,189466,2.97,MPEG audio file,Europe
700,235781,2.97,MPEG audio file,Europe
701,206733,3.96,MPEG audio file,Europe
702,478302,3.96,MPEG audio file,Europe
703,151849,4.95,MPEG audio file,Europe
704,247092,4.95,MPEG audio file,Europe
705,304692,0.99,MPEG audio file,Asia
706,342752,0.99,MPEG audio file,Asia
707,240274,0.99,MPEG audio file,Asia
708,319373,1.98,MPEG audio file,Asia
709,253962,1.98,MPEG audio file,Asia
710,368770,1.98,MPEG audio file,Asia
711,232803,2.97,MPEG audio file,Asia
712,263862,2.97,MPEG audio file,Asia
713,220604,2.97,MPEG audio file,Asia
714,263026,3.96,MPEG audio file,Asia
715,292519,3.96,MPEG audio file,Asia
716,284081,4.95,MPEG audio file,Asia
717,303777,4.95,MPEG audio file,Asia
718,283689,4.95,MPEG audio file,Asia
719,231732,0.99,MPEG audio file,South America
720,221387,0.99,MPEG audio file,North  America
721,193515,1.98,MPEG audio file,North  America
722,180401,4.95,MPEG audio file,North  America
723,264411,4.95,MPEG audio file,North  America
724,328724,2.97,MPEG audio file,North  America
725,196466,3.96,MPEG audio file,North  America
726,285387,3.96,MPEG audio file,North  America
727,226429,3.96,MPEG audio file,North  America
728,251663,0.99,MPEG audio file,North  America
729,241371,2.97,MPEG audio file,North  America
730,217391,3.96,MPEG audio file,North  America
731,119040,3.96,MPEG audio file,North  America
732,472920,3.96,MPEG audio file,North  America
733,263235,4.95,MPEG audio file,North  America
734,278700,0.99,MPEG audio file,North  America
735,251924,1.98,MPEG audio file,North  America
736,116767,1.98,MPEG audio file,North  America
737,269557,2.97,MPEG audio file,North  America
738,395859,2.97,MPEG audio file,North  America
739,230191,2.97,MPEG audio file,North  America
740,294008,3.96,MPEG audio file,North  America
741,223764,4.95,MPEG audio file,North  America
742,203807,4.95,MPEG audio file,North  America
743,273528,0.99,MPEG audio file,Europe
744,259213,0.99,MPEG audio file,Europe
745,248528,0.99,MPEG audio file,Europe
746,222275,0.99,MPEG audio file,Europe
747,190458,1.98,MPEG audio file,Europe
748,260963,1.98,MPEG audio file,Europe
749,248528,2.97,MPEG audio file,Europe
750,174994,3.96,MPEG audio file,Europe
751,294530,3.96,MPEG audio file,Europe
752,295444,3.96,MPEG audio file,Europe
753,229537,3.96,MPEG audio file,Europe
754,316264,3.96,MPEG audio file,Europe
755,285309,4.95,MPEG audio file,Europe
756,303856,4.95,MPEG audio file,Europe
757,232724,1.98,MPEG audio file,Europe
758,205871,2.97,MPEG audio file,Europe
759,260858,2.97,MPEG audio file,Europe
760,214021,3.96,MPEG audio file,Europe
761,163004,4.95,MPEG audio file,Europe
762,252316,1.98,MPEG audio file,South America
763,285753,3.96,MPEG audio file,South America
764,202824,2.97,Protected AAC audio file,South America
765,263893,3.96,Protected AAC audio file,South America
766,231640,2.97,Protected AAC audio file,South America
767,375349,2.97,Protected AAC audio file,South America
768,161539,2.97,Protected AAC audio file,South America
769,303436,2.97,Protected AAC audio file,South America
770,616511,2.97,Protected AAC audio file,South America
771,284744,3.96,Protected AAC audio file,South America
772,355395,0.99,MPEG audio file,Europe
773,347846,0.99,MPEG audio file,Europe
774,343875,1.98,MPEG audio file,Europe
775,337423,1.98,MPEG audio file,Europe
776,265874,1.98,MPEG audio file,Europe
777,203206,2.97,MPEG audio file,Europe
778,396460,4.95,MPEG audio file,Europe
779,444614,0.99,Protected AAC audio file,Europe
780,526255,0.99,Protected AAC audio file,Europe
781,204617,0.99,MPEG audio file,North  America
782,281782,0.99,MPEG audio file,North  America
783,428016,1.98,MPEG audio file,North  America
784,410070,1.98,MPEG audio file,North  America
785,268878,2.97,MPEG audio file,North  America
786,269531,2.97,MPEG audio file,North  America
787,217443,2.97,MPEG audio file,North  America
788,440555,2.97,MPEG audio file,North  America
789,232777,3.96,MPEG audio file,North  America
790,370468,3.96,MPEG audio file,North  America
791,187141,3.96,MPEG audio file,North  America
792,229459,3.96,MPEG audio file,North  America
793,369554,4.95,MPEG audio file,North  America
794,284447,4.95,MPEG audio file,North  America
795,300434,3.96,MPEG audio file,North  America
796,211043,1.98,MPEG audio file,North  America
797,317335,1.98,MPEG audio file,North  America
798,443977,1.98,MPEG audio file,North  America
799,340767,4.95,MPEG audio file,North  America
800,593580,1.98,MPEG audio file,Europe
801,445779,1.98,MPEG audio file,Europe
802,267023,3.96,MPEG audio file,Europe
803,341995,4.95,MPEG audio file,Europe
804,312476,0.99,MPEG audio file,Europe
805,296176,1.98,MPEG audio file,Europe
806,253413,1.98,MPEG audio file,Europe
807,490422,1.98,MPEG audio file,Europe
808,228440,2.97,MPEG audio file,Europe
809,293407,2.97,MPEG audio file,Europe
810,382197,2.97,MPEG audio file,Europe
811,239072,2.97,MPEG audio file,Europe
812,365818,2.97,MPEG audio file,Europe
813,221544,3.96,MPEG audio file,Europe
814,404767,3.96,MPEG audio file,Europe
815,316551,4.95,MPEG audio file,Europe
816,143725,4.95,MPEG audio file,Europe
817,255477,4.95,MPEG audio file,Europe
818,512339,4.95,MPEG audio file,Europe
819,196702,0.99,MPEG audio file,Europe
820,282174,0.99,MPEG audio file,Europe
821,300878,0.99,MPEG audio file,Europe
822,197328,0.99,MPEG audio file,Europe
823,164989,0.99,MPEG audio file,Europe
824,212453,0.99,MPEG audio file,Europe
825,825103,0.99,MPEG audio file,Europe
826,389276,1.98,MPEG audio file,Europe
827,315977,1.98,MPEG audio file,Europe
828,259631,1.98,MPEG audio file,Europe
829,213263,1.98,MPEG audio file,Europe
830,254354,3.96,MPEG audio file,Europe
831,292179,4.95,MPEG audio file,Europe
832,102630,3.96,Protected AAC audio file,Europe
833,223216,2.97,MPEG audio file,Europe
834,372950,0.99,MPEG audio file,South America
835,410566,1.98,MPEG audio file,South America
836,262948,4.95,MPEG audio file,South America
837,420493,4.95,MPEG audio file,South America
838,634435,0.99,MPEG audio file,North  America
839,329639,3.96,MPEG audio file,North  America
840,481619,4.95,MPEG audio file,North  America
841,220917,4.95,MPEG audio file,North  America
842,275591,0.99,MPEG audio file,North  America
843,427702,1.98,MPEG audio file,North  America
844,379141,1.98,MPEG audio file,North  America
845,233560,2.97,MPEG audio file,North  America
846,386063,3.96,MPEG audio file,North  America
847,282671,4.95,MPEG audio file,North  America
848,257253,0.99,MPEG audio file,North  America
849,337345,0.99,MPEG audio file,North  America
850,749897,0.99,MPEG audio file,North  America
851,258168,1.98,MPEG audio file,North  America
852,260231,2.97,MPEG audio file,North  America
853,323918,2.97,MPEG audio file,North  America
854,566752,2.97,MPEG audio file,North  America
855,625502,3.96,MPEG audio file,North  America
856,393116,4.95,MPEG audio file,North  America
857,291866,0.99,MPEG audio file,North  America
858,388832,0.99,MPEG audio file,North  America
859,223451,0.99,MPEG audio file,North  America
860,198008,0.99,MPEG audio file,North  America
861,227892,1.98,MPEG audio file,North  America
862,196101,2.97,MPEG audio file,North  America
863,209972,2.97,MPEG audio file,North  America
864,261433,3.96,MPEG audio file,North  America
865,143595,3.96,MPEG audio file,North  America
866,321724,4.95,MPEG audio file,North  America
867,261773,4.95,MPEG audio file,North  America
868,188395,0.99,MPEG audio file,Europe
869,302053,0.99,MPEG audio file,Europe
870,254955,1.98,MPEG audio file,Europe
871,415817,2.97,MPEG audio file,Europe
872,281573,3.96,MPEG audio file,Europe
873,304457,0.99,MPEG audio file,Europe
874,328097,0.99,MPEG audio file,Europe
875,398942,1.98,MPEG audio file,Europe
876,497998,2.97,MPEG audio file,Europe
877,319764,0.99,MPEG audio file,South America
878,269557,0.99,MPEG audio file,South America
879,414380,0.99,MPEG audio file,South America
880,312424,1.98,MPEG audio file,South America
881,322899,1.98,MPEG audio file,South America
882,155428,0.99,MPEG audio file,North  America
883,403382,1.98,MPEG audio file,North  America
884,464039,1.98,MPEG audio file,North  America
885,191320,2.97,MPEG audio file,North  America
886,220081,2.97,MPEG audio file,North  America
887,345626,2.97,MPEG audio file,North  America
888,534883,3.96,MPEG audio file,North  America
889,268016,4.95,MPEG audio file,North  America
890,397740,4.95,MPEG audio file,North  America
891,268721,0.99,MPEG audio file,South America
892,217521,0.99,MPEG audio file,South America
893,230191,1.98,MPEG audio file,South America
894,158432,1.98,MPEG audio file,South America
895,52218,1.98,MPEG audio file,South America
896,211200,1.98,MPEG audio file,South America
897,196440,1.98,MPEG audio file,South America
898,205688,2.97,MPEG audio file,South America
899,39131,2.97,MPEG audio file,South America
900,234684,2.97,MPEG audio file,South America
901,236904,3.96,MPEG audio file,South America
902,254928,3.96,MPEG audio file,South America
903,188212,4.95,MPEG audio file,South America
904,206524,4.95,MPEG audio file,South America
905,203415,0.99,MPEG audio file,North  America
906,192653,0.99,MPEG audio file,North  America
907,183588,2.97,MPEG audio file,North  America
908,256522,4.95,MPEG audio file,North  America
909,231653,4.95,MPEG audio file,North  America
910,241084,0.99,MPEG audio file,North  America
911,211330,1.98,MPEG audio file,North  America
912,217573,3.96,MPEG audio file,North  America
913,202788,4.95,MPEG audio file,North  America
914,208431,0.99,MPEG audio file,Europe
915,308897,1.98,MPEG audio file,Europe
916,190197,2.97,MPEG audio file,Europe
917,245890,2.97,MPEG audio file,Europe
918,251586,0.99,Protected AAC audio file,Europe
919,257252,1.98,Protected AAC audio file,Europe
920,305293,0.99,MPEG audio file,Europe
921,172120,1.98,MPEG audio file,Europe
922,230896,1.98,MPEG audio file,Europe
923,340767,1.98,MPEG audio file,Europe
924,189936,2.97,MPEG audio file,Europe
925,148192,2.97,MPEG audio file,Europe
926,203911,3.96,MPEG audio file,Europe
927,240796,4.95,MPEG audio file,Europe
928,330266,4.95,MPEG audio file,Europe
929,276871,0.99,MPEG audio file,Europe
930,358948,0.99,MPEG audio file,Europe
931,206471,0.99,MPEG audio file,Europe
932,249547,2.97,MPEG audio file,Europe
933,195108,2.97,MPEG audio file,Europe
934,210520,2.97,MPEG audio file,Europe
935,230556,2.97,MPEG audio file,Europe
936,297351,2.97,MPEG audio file,Europe
937,309733,3.96,MPEG audio file,Europe
938,377652,3.96,MPEG audio file,Europe
939,65593,3.96,MPEG audio file,Europe
940,171964,4.95,MPEG audio file,Europe
941,359262,4.95,MPEG audio file,Europe
942,182883,4.95,MPEG audio file,Europe
943,191503,1.98,MPEG audio file,Europe
944,271151,1.98,MPEG audio file,Europe
945,309498,4.95,MPEG audio file,Europe
946,437968,4.95,MPEG audio file,Europe
947,308532,4.95,MPEG audio file,Europe
948,245315,0.99,MPEG audio file,South America
949,245812,2.97,MPEG audio file,South America
950,301688,3.96,MPEG audio file,South America
951,252682,4.95,MPEG audio file,South America
952,249782,0.99,MPEG audio file,North  America
953,203206,1.98,MPEG audio file,North  America
954,225671,1.98,MPEG audio file,North  America
955,230687,2.97,MPEG audio file,North  America
956,227709,3.96,MPEG audio file,North  America
957,244819,4.95,MPEG audio file,North  America
958,134896,0.99,MPEG audio file,North  America
959,231836,0.99,MPEG audio file,North  America
960,208509,2.97,MPEG audio file,North  America
961,218017,2.97,MPEG audio file,North  America
962,244506,3.96,MPEG audio file,North  America
963,195578,4.95,MPEG audio file,North  America
964,265717,4.95,MPEG audio file,North  America
965,261720,4.95,MPEG audio file,North  America
966,269400,4.95,MPEG audio file,North  America
967,257306,0.99,MPEG audio file,North  America
968,205635,0.99,MPEG audio file,North  America
969,233665,0.99,MPEG audio file,North  America
970,306390,0.99,MPEG audio file,North  America
971,240901,1.98,MPEG audio file,North  America
972,318432,1.98,MPEG audio file,North  America
973,934791,1.98,MPEG audio file,North  America
974,267728,1.98,MPEG audio file,North  America
975,321671,3.96,MPEG audio file,North  America
976,175412,3.96,MPEG audio file,North  America
977,399986,4.95,MPEG audio file,North  America
978,250697,4.95,MPEG audio file,North  America
979,248137,4.95,MPEG audio file,North  America
980,292414,4.95,MPEG audio file,North  America
981,291500,0.99,MPEG audio file,Europe
982,270027,0.99,MPEG audio file,Europe
983,338729,2.97,MPEG audio file,Europe
984,251219,3.96,MPEG audio file,Europe
985,320078,3.96,MPEG audio file,Europe
986,528692,0.99,MPEG audio file,Europe
987,163422,2.97,MPEG audio file,Europe
988,140826,4.95,MPEG audio file,Europe
989,164127,4.95,MPEG audio file,Europe
990,505991,0.99,MPEG audio file,Europe
991,200698,2.97,MPEG audio file,Europe
992,324623,2.97,MPEG audio file,Europe
993,131787,4.95,MPEG audio file,Europe
994,80613,4.95,MPEG audio file,Europe
995,880640,4.95,MPEG audio file,Europe
996,308009,0.99,MPEG audio file,Asia
997,299781,0.99,MPEG audio file,Asia
998,222145,1.98,MPEG audio file,Asia
999,272431,3.96,MPEG audio file,Asia
1000,368300,3.96,MPEG audio file,Asia
1001,371879,3.96,MPEG audio file,Asia
1002,240640,4.95,MPEG audio file,Asia
1003,206994,4.95,MPEG audio file,Asia
1004,529841,4.95,MPEG audio file,Asia
1005,212009,0.99,MPEG audio file,Europe
1006,247196,0.99,MPEG audio file,Europe
1007,221387,0.99,MPEG audio file,Europe
1008,292466,1.98,MPEG audio file,Europe
1009,277786,2.97,MPEG audio file,Europe
1010,149472,2.97,MPEG audio file,Europe
1011,343875,4.95,MPEG audio file,Europe
1012,257619,4.95,MPEG audio file,Europe
1013,142080,4.95,MPEG audio file,Europe
1014,215928,4.95,MPEG audio file,Europe
1015,158511,2.97,MPEG audio file,North  America
1016,217391,0.99,MPEG audio file,North  America
1017,115461,3.96,MPEG audio file,North  America
1018,238367,3.96,MPEG audio file,North  America
1019,171389,3.96,MPEG audio file,North  America
1020,139598,1.98,MPEG audio file,North  America
1021,152607,1.98,MPEG audio file,North  America
1022,159791,3.96,MPEG audio file,North  America
1023,253805,4.95,MPEG audio file,North  America
1024,37120,0.99,MPEG audio file,North  America
1025,215510,0.99,MPEG audio file,North  America
1026,322612,0.99,MPEG audio file,North  America
1027,209737,0.99,MPEG audio file,North  America
1028,296829,1.98,MPEG audio file,North  America
1029,34168,2.97,MPEG audio file,North  America
1030,276035,1.98,MPEG audio file,Europe
1031,170684,2.97,MPEG audio file,Europe
1032,189440,4.95,MPEG audio file,Europe
1033,2622038,1.99,Protected MPEG-4 video file,Europe
1034,2621708,1.99,Protected MPEG-4 video file,Europe
1035,2611986,1.99,Protected MPEG-4 video file,Europe
1036,2590382,3.98,Protected MPEG-4 video file,Europe
1037,2605647,7.96,Protected MPEG-4 video file,Europe
1038,2620245,9.95,Protected MPEG-4 video file,Europe
1039,347951,1.98,MPEG audio file,Europe
1040,196702,2.97,MPEG audio file,Europe
1041,2679583,1.99,Protected MPEG-4 video file,Europe
1042,2564958,3.98,Protected MPEG-4 video file,Europe
1043,2605557,5.97,Protected MPEG-4 video file,Europe
1044,2610125,7.96,Protected MPEG-4 video file,Europe
1045,2610416,9.95,Protected MPEG-4 video file,Europe
1046,2610625,9.95,Protected MPEG-4 video file,Europe
1047,264568,0.99,MPEG audio file,South America
1048,267807,0.99,MPEG audio file,Europe
1049,353567,3.96,MPEG audio file,Europe
1050,38164,3.96,MPEG audio file,Europe
1051,384522,3.96,MPEG audio file,Europe
1052,303360,0.99,MPEG audio file,Europe
1053,43232,1.98,MPEG audio file,Europe
1054,390243,3.96,MPEG audio file,Europe
1055,258925,4.95,MPEG audio file,Europe
1056,351817,0.99,MPEG audio file,South America
1057,591986,0.99,MPEG audio file,South America
1058,183066,2.97,MPEG audio file,South America
1059,287294,3.96,MPEG audio file,South America
1060,241998,3.96,MPEG audio file,South America
1061,225854,4.95,MPEG audio file,South America
1062,211853,0.99,MPEG audio file,North  America
1063,248502,0.99,MPEG audio file,North  America
1064,158589,1.98,MPEG audio file,North  America
1065,203833,2.97,MPEG audio file,North  America
1066,228336,2.97,MPEG audio file,North  America
1067,341498,4.95,MPEG audio file,North  America
1068,225697,4.95,MPEG audio file,North  America
1069,42240,4.95,MPEG audio file,North  America
1070,210259,4.95,MPEG audio file,North  America
1071,222406,2.97,MPEG audio file,North  America
1072,158484,2.97,MPEG audio file,North  America
1073,240692,2.97,MPEG audio file,North  America
1074,86987,2.97,MPEG audio file,North  America
1075,251141,3.96,MPEG audio file,North  America
1076,223033,3.96,MPEG audio file,North  America
1077,220813,4.95,MPEG audio file,North  America
1078,332826,4.95,MPEG audio file,North  America
1079,105639,4.95,MPEG audio file,North  America
1080,1264375,1.99,Protected MPEG-4 video file,North  America
1081,2519436,5.97,Protected MPEG-4 video file,North  America
1082,1306416,5.97,Protected MPEG-4 video file,North  America
1083,1326534,5.97,Protected MPEG-4 video file,North  America
1084,1315333,7.96,Protected MPEG-4 video file,North  America
1085,2687103,1.99,Protected MPEG-4 video file,Europe
1086,310774,1.98,Protected AAC audio file,Europe
1087,2922547,3.98,Protected MPEG-4 video file,Europe
1088,2956081,3.98,Protected MPEG-4 video file,Europe
1089,5088838,7.96,Protected MPEG-4 video file,Europe
1090,2920045,5.97,Protected MPEG-4 video file,Europe
1091,2924716,5.97,Protected MPEG-4 video file,Europe
1092,2907615,7.96,Protected MPEG-4 video file,Europe
1093,2924507,9.95,Protected MPEG-4 video file,Europe
1094,193188,2.97,Protected AAC audio file,Europe
1095,159473,3.96,Protected AAC audio file,Europe
1096,281424,4.95,Protected AAC audio file,Europe
1097,2923381,5.97,Protected MPEG-4 video file,Europe
1098,2903778,7.96,Protected MPEG-4 video file,Europe
1099,2924007,9.95,Protected MPEG-4 video file,Europe
1100,238393,3.96,MPEG audio file,Europe
1101,333622,0.99,Protected AAC audio file,Europe
1102,215549,1.98,Protected AAC audio file,Europe
1103,287229,2.97,Protected AAC audio file,Europe
1104,219078,3.96,Protected AAC audio file,Europe
1105,392764,4.95,Protected AAC audio file,Europe
1106,285837,4.95,AAC audio file,Europe
1107,212323,4.95,MPEG audio file,Europe
1108,304458,1.98,Protected AAC audio file,Europe
1109,545203,1.98,Protected AAC audio file,Europe
1110,274597,2.97,Protected AAC audio file,Europe
1111,256764,3.96,Protected AAC audio file,Europe
1112,271788,3.96,Protected AAC audio file,Europe
1113,273320,4.95,Protected AAC audio file,Europe
1114,306687,3.96,Purchased AAC audio file,Europe
1115,2612779,1.99,Protected MPEG-4 video file,Europe
1116,2609025,3.98,Protected MPEG-4 video file,Europe
1117,213240,3.96,Protected AAC audio file,North  America
1118,185293,0.99,Protected AAC audio file,North  America
1119,151706,0.99,Protected AAC audio file,North  America
1120,240320,3.96,Protected AAC audio file,North  America
1121,256946,3.96,Protected AAC audio file,North  America
1122,234200,2.97,Protected AAC audio file,North  America
1123,141520,3.96,Protected AAC audio file,North  America
1124,200253,4.95,Protected AAC audio file,North  America
1125,202320,4.95,Protected AAC audio file,North  America
1126,663426,0.99,Protected AAC audio file,North  America
1127,387826,1.98,Protected AAC audio file,North  America
1128,567494,2.97,Protected AAC audio file,North  America
1129,333669,3.96,Protected AAC audio file,North  America
1130,199160,3.96,Protected AAC audio file,North  America
1131,376510,4.95,Protected AAC audio file,North  America
1132,310622,0.99,MPEG audio file,North  America
1133,284891,0.99,MPEG audio file,North  America
1134,270863,1.98,MPEG audio file,North  America
1135,239699,2.97,MPEG audio file,North  America
1136,215875,4.95,MPEG audio file,North  America
1137,342562,0.99,Protected AAC audio file,North  America
1138,273763,0.99,MPEG audio file,Europe
1139,248084,0.99,MPEG audio file,Europe
1140,365662,1.98,MPEG audio file,Europe
1141,331676,1.98,MPEG audio file,Europe
1142,294034,1.98,MPEG audio file,Europe
1143,317492,1.98,MPEG audio file,Europe
1144,6373,3.96,MPEG audio file,Europe
1145,219663,3.96,MPEG audio file,Europe
1146,322925,3.96,MPEG audio file,Europe
1147,140199,3.96,MPEG audio file,Europe
1148,349831,4.95,MPEG audio file,Europe
1149,243879,4.95,MPEG audio file,Europe
1150,246177,4.95,MPEG audio file,South America
1151,285257,0.99,MPEG audio file,South America
1152,359131,3.96,MPEG audio file,Asia
1153,265351,4.95,MPEG audio file,Asia
1154,269557,4.95,MPEG audio file,South America
1155,235311,0.99,MPEG audio file,Europe
1156,509413,0.99,MPEG audio file,Europe
1157,433397,1.98,MPEG audio file,Europe
1158,140434,1.98,MPEG audio file,Europe
1159,84088,0.99,MPEG audio file,Europe
1160,181812,1.98,MPEG audio file,Europe
1161,99369,2.97,MPEG audio file,Europe
1162,299337,3.96,MPEG audio file,Europe
1163,281730,3.96,MPEG audio file,Europe
1164,182491,4.95,MPEG audio file,Europe
1165,126615,0.99,MPEG audio file,South America
1166,227317,0.99,MPEG audio file,South America
1167,260257,2.97,MPEG audio file,South America
1168,33149,2.97,MPEG audio file,South America
1169,175333,2.97,MPEG audio file,South America
1170,243644,2.97,MPEG audio file,South America
1171,186801,3.96,MPEG audio file,South America
1172,369763,3.96,MPEG audio file,South America
1173,88868,4.95,MPEG audio file,South America
1174,184320,0.99,MPEG audio file,North  America
1175,244950,1.98,MPEG audio file,North  America
1176,192653,1.98,MPEG audio file,North  America
1177,283454,1.98,MPEG audio file,North  America
1178,313704,2.97,MPEG audio file,North  America
1179,266605,2.97,MPEG audio file,North  America
1180,248398,2.97,MPEG audio file,North  America
1181,190093,2.97,MPEG audio file,North  America
1182,677694,2.97,MPEG audio file,North  America
1183,173008,3.96,MPEG audio file,North  America
1184,194220,3.96,MPEG audio file,North  America
1185,211147,3.96,MPEG audio file,North  America
1186,237714,4.95,MPEG audio file,North  America
1187,380551,4.95,MPEG audio file,North  America
1188,305005,0.99,MPEG audio file,Europe
1189,236617,0.99,MPEG audio file,Europe
1190,545750,2.97,MPEG audio file,Europe
1191,241684,2.97,MPEG audio file,Europe
1192,287973,4.95,MPEG audio file,Europe
1193,248032,0.99,MPEG audio file,Europe
1194,249234,4.95,MPEG audio file,Europe
1195,273057,4.95,MPEG audio file,Europe
1196,387761,4.95,MPEG audio file,Europe
1197,263784,0.99,MPEG audio file,Europe
1198,216032,1.98,MPEG audio file,Europe
1199,271360,2.97,MPEG audio file,Europe
1200,166974,2.97,MPEG audio file,Europe
1201,207333,3.96,MPEG audio file,Europe
1202,216215,4.95,MPEG audio file,Europe
1203,439510,2.97,MPEG audio file,Europe
1204,90331,3.96,MPEG audio file,Europe
1205,288757,3.96,MPEG audio file,Europe
1206,193410,0.99,MPEG audio file,Asia
1207,348212,1.98,MPEG audio file,Asia
1208,316682,1.98,MPEG audio file,Asia
1209,195944,1.98,MPEG audio file,Asia
1210,298318,2.97,MPEG audio file,Asia
1211,284813,3.96,MPEG audio file,Asia
1212,189596,3.96,MPEG audio file,Asia
1213,277133,3.96,MPEG audio file,Asia
1214,291160,3.96,MPEG audio file,Asia
1215,354011,4.95,MPEG audio file,Asia
1216,168437,3.96,MPEG audio file,North  America
1217,170631,0.99,MPEG audio file,North  America
1218,204956,0.99,MPEG audio file,North  America
1219,244297,1.98,MPEG audio file,North  America
1220,137482,3.96,MPEG audio file,North  America
1221,211748,1.98,MPEG audio file,North  America
1222,163970,1.98,MPEG audio file,North  America
1223,162560,3.96,MPEG audio file,North  America
1224,190667,3.96,MPEG audio file,North  America
1225,140146,1.98,MPEG audio file,North  America
1226,164858,2.97,MPEG audio file,North  America
1227,143464,3.96,MPEG audio file,North  America
1228,244793,4.95,MPEG audio file,North  America
1229,258586,0.99,MPEG audio file,North  America
1230,131918,0.99,MPEG audio file,North  America
1231,298919,3.96,MPEG audio file,North  America
1232,243696,4.95,MPEG audio file,North  America
1233,227186,0.99,MPEG audio file,Europe
1234,248424,0.99,MPEG audio file,Europe
1235,210259,2.97,MPEG audio file,Europe
1236,334445,2.97,MPEG audio file,Europe
1237,213237,3.96,MPEG audio file,Europe
1238,385880,3.96,MPEG audio file,Europe
1239,272796,3.96,MPEG audio file,Europe
1240,263026,4.95,MPEG audio file,Europe
1241,214831,0.99,MPEG audio file,Oceania
1242,170788,2.97,MPEG audio file,Europe
1243,242834,2.97,MPEG audio file,Europe
1244,278125,3.96,MPEG audio file,Oceania
1245,252891,0.99,MPEG audio file,South America
1246,290664,0.99,MPEG audio file,South America
1247,163552,2.97,MPEG audio file,South America
1248,157387,2.97,MPEG audio file,South America
1249,231836,0.99,MPEG audio file,Europe
1250,208143,1.98,MPEG audio file,Europe
1251,224339,1.98,MPEG audio file,Europe
1252,297064,4.95,MPEG audio file,Europe
1253,270680,0.99,MPEG audio file,Europe
1254,185835,1.98,MPEG audio file,Europe
1255,158275,1.98,MPEG audio file,Europe
1256,222902,1.98,MPEG audio file,Europe
1257,340532,2.97,MPEG audio file,Europe
1258,209867,4.95,MPEG audio file,Europe
1259,270550,0.99,MPEG audio file,North  America
1260,74919,0.99,MPEG audio file,North  America
1261,206001,1.98,MPEG audio file,North  America
1262,289671,1.98,MPEG audio file,North  America
1263,169900,2.97,MPEG audio file,North  America
1264,143673,2.97,MPEG audio file,North  America
1265,295262,2.97,MPEG audio file,North  America
1266,313182,2.97,MPEG audio file,North  America
1267,196675,3.96,MPEG audio file,North  America
1268,199653,4.95,MPEG audio file,North  America
1269,295444,4.95,MPEG audio file,North  America
1270,284943,2.97,MPEG audio file,North  America
1271,284760,3.96,MPEG audio file,Europe
1272,225697,3.96,MPEG audio file,North  America
1273,270550,4.95,MPEG audio file,Europe
1274,216006,1.98,MPEG audio file,Europe
1275,248607,1.98,MPEG audio file,Europe
1276,260884,2.97,MPEG audio file,Europe
1277,548336,0.99,MPEG audio file,Europe
1278,175307,0.99,MPEG audio file,Europe
1279,246151,2.97,MPEG audio file,Europe
1280,239516,2.97,MPEG audio file,Europe
1281,228924,0.99,Protected AAC audio file,Europe
1282,273552,4.95,Protected AAC audio file,Europe
1283,242390,0.99,MPEG audio file,Europe
1284,461165,1.98,MPEG audio file,Europe
1285,424960,3.96,MPEG audio file,Europe
1286,284238,4.95,MPEG audio file,Europe
1287,307593,1.98,Protected AAC audio file,Europe
1288,143637,4.95,Protected AAC audio file,Europe
1289,322175,4.95,Protected AAC audio file,Europe
1290,235311,0.99,MPEG audio file,Oceania
1291,258768,0.99,MPEG audio file,Oceania
1292,478145,1.98,MPEG audio file,Oceania
1293,216058,3.96,MPEG audio file,Oceania
1294,317727,3.96,MPEG audio file,Oceania
1295,454974,4.95,MPEG audio file,Oceania
1296,269531,2.97,MPEG audio file,South America
1297,366471,1.98,MPEG audio file,South America
1298,359810,3.96,MPEG audio file,South America
1299,252891,3.96,MPEG audio file,South America
1300,407823,4.95,MPEG audio file,South America
1301,408607,0.99,MPEG audio file,North  America
1302,185808,0.99,MPEG audio file,North  America
1303,435513,0.99,MPEG audio file,North  America
1304,115931,1.98,MPEG audio file,North  America
1305,292179,0.99,MPEG audio file,North  America
1306,351869,0.99,MPEG audio file,North  America
1307,273998,1.98,MPEG audio file,North  America
1308,578324,1.98,MPEG audio file,North  America
1309,441417,2.97,MPEG audio file,North  America
1310,280894,3.96,MPEG audio file,North  America
1311,282880,0.99,MPEG audio file,North  America
1312,275879,1.98,MPEG audio file,North  America
1313,127399,2.97,MPEG audio file,North  America
1314,361299,3.96,MPEG audio file,North  America
1315,218226,4.95,MPEG audio file,North  America
1316,175777,4.95,MPEG audio file,North  America
1317,380081,0.99,MPEG audio file,Europe
1318,284447,0.99,MPEG audio file,Europe
1319,224130,0.99,MPEG audio file,Europe
1320,182308,0.99,MPEG audio file,Europe
1321,322455,2.97,MPEG audio file,Europe
1322,210259,2.97,MPEG audio file,Europe
1323,305162,3.96,MPEG audio file,Europe
1324,281808,3.96,MPEG audio file,Europe
1325,272117,4.95,MPEG audio file,Europe
1326,202035,4.95,Protected AAC audio file,Europe
1327,259631,0.99,MPEG audio file,Europe
1328,317622,1.98,MPEG audio file,Europe
1329,201247,2.97,MPEG audio file,Europe
1330,529658,3.96,MPEG audio file,Europe
1331,316081,4.95,MPEG audio file,Europe
1332,398262,1.98,MPEG audio file,Europe
1333,182491,1.98,MPEG audio file,Europe
1334,270785,3.96,MPEG audio file,Europe
1335,343431,4.95,MPEG audio file,Europe
1336,197407,0.99,MPEG audio file,South America
1337,271098,0.99,MPEG audio file,South America
1338,330004,2.97,MPEG audio file,South America
1339,296672,2.97,MPEG audio file,South America
1340,197198,3.96,MPEG audio file,South America
1341,278857,4.95,MPEG audio file,South America
1342,159216,0.99,MPEG audio file,Europe
1343,508055,1.98,MPEG audio file,Europe
1344,259500,1.98,MPEG audio file,Europe
1345,657293,1.98,MPEG audio file,Europe
1346,209528,2.97,MPEG audio file,Europe
1347,388179,3.96,MPEG audio file,Europe
1348,217547,3.96,MPEG audio file,Europe
1349,242442,3.96,MPEG audio file,Europe
1350,384391,4.95,MPEG audio file,Europe
1351,308401,0.99,MPEG audio file,South America
1352,325955,1.98,MPEG audio file,South America
1353,278047,1.98,MPEG audio file,South America
1354,137221,2.97,MPEG audio file,South America
1355,172800,3.96,MPEG audio file,South America
1356,216476,3.96,MPEG audio file,South America
1357,307591,4.95,MPEG audio file,South America
1358,388832,1.98,MPEG audio file,North  America
1359,234240,0.99,MPEG audio file,North  America
1360,403435,2.97,MPEG audio file,North  America
1361,308610,3.96,MPEG audio file,North  America
1362,256835,4.95,MPEG audio file,North  America
1363,190406,1.98,MPEG audio file,North  America
1364,470256,1.98,MPEG audio file,North  America
1365,341551,2.97,MPEG audio file,North  America
1366,137717,2.97,MPEG audio file,North  America
1367,294347,0.99,MPEG audio file,Europe
1368,249208,2.97,MPEG audio file,Europe
1369,269740,2.97,MPEG audio file,Europe
1370,311327,3.96,MPEG audio file,Europe
1371,220212,4.95,MPEG audio file,Europe
1372,433188,4.95,MPEG audio file,Europe
1373,347428,0.99,MPEG audio file,Europe
1374,365061,0.99,MPEG audio file,Europe
1375,430210,0.99,MPEG audio file,Europe
1376,585769,1.98,MPEG audio file,Europe
1377,588564,1.98,MPEG audio file,Europe
1378,588721,3.96,MPEG audio file,Europe
1379,395520,3.96,MPEG audio file,Europe
1380,311719,3.96,MPEG audio file,Europe
1381,350458,4.95,MPEG audio file,Europe
1382,168594,0.99,MPEG audio file,Europe
1383,283559,0.99,MPEG audio file,Europe
1384,223033,0.99,MPEG audio file,Europe
1385,330292,0.99,MPEG audio file,Europe
1386,197694,1.98,MPEG audio file,Europe
1387,206837,1.98,MPEG audio file,Europe
1388,176457,1.98,MPEG audio file,Europe
1389,194873,2.97,MPEG audio file,Europe
1390,321828,3.96,MPEG audio file,Europe
1391,217626,3.96,MPEG audio file,Europe
1392,149995,3.96,MPEG audio file,Europe
1393,177031,3.96,MPEG audio file,Europe
1394,286249,4.95,MPEG audio file,Europe
1395,287190,4.95,MPEG audio file,Europe
1396,230191,3.96,MPEG audio file,Europe
1397,162925,1.98,MPEG audio file,Europe
1398,206001,3.96,MPEG audio file,Europe
1399,224470,4.95,MPEG audio file,Europe
1400,287059,4.95,MPEG audio file,Europe
1401,208013,0.99,MPEG audio file,South America
1402,182987,0.99,MPEG audio file,South America
1403,148558,1.98,MPEG audio file,South America
1404,244976,1.98,MPEG audio file,South America
1405,259186,1.98,MPEG audio file,North  America
1406,176431,1.98,MPEG audio file,North  America
1407,219271,2.97,MPEG audio file,North  America
1408,262870,3.96,MPEG audio file,North  America
1409,226298,4.95,MPEG audio file,North  America
1410,219585,4.95,MPEG audio file,North  America
1411,205087,0.99,MPEG audio file,North  America
1412,189178,2.97,MPEG audio file,North  America
1413,250070,2.97,MPEG audio file,North  America
1414,281469,3.96,MPEG audio file,North  America
1415,357067,4.95,MPEG audio file,North  America
1416,344241,4.95,MPEG audio file,North  America
1417,318511,4.95,MPEG audio file,North  America
1418,373394,4.95,MPEG audio file,North  America
1419,290851,4.95,Protected AAC audio file,North  America
1420,158589,0.99,MPEG audio file,North  America
1421,343222,1.98,MPEG audio file,North  America
1422,270341,2.97,MPEG audio file,North  America
1423,425195,2.97,MPEG audio file,North  America
1424,428643,3.96,MPEG audio file,North  America
1425,240274,3.96,MPEG audio file,North  America
1426,233613,3.96,MPEG audio file,North  America
1427,341080,3.96,MPEG audio file,North  America
1428,193123,3.96,MPEG audio file,North  America
1429,196336,3.96,MPEG audio file,North  America
1430,183823,3.96,MPEG audio file,North  America
1431,151536,4.95,MPEG audio file,North  America
1432,202004,4.95,MPEG audio file,North  America
1433,239751,4.95,MPEG audio file,North  America
1434,182883,4.95,MPEG audio file,Europe
1435,184737,2.97,MPEG audio file,Europe
1436,190119,4.95,MPEG audio file,Europe
1437,207386,4.95,MPEG audio file,Europe
1438,187428,4.95,MPEG audio file,Europe
1439,255477,2.97,MPEG audio file,Europe
1440,160235,3.96,MPEG audio file,Europe
1441,386194,3.96,MPEG audio file,Europe
1442,226298,4.95,MPEG audio file,Europe
1443,216633,0.99,MPEG audio file,Europe
1444,326791,0.99,MPEG audio file,Europe
1445,304013,1.98,MPEG audio file,Europe
1446,269035,1.98,MPEG audio file,Europe
1447,154148,1.98,MPEG audio file,Europe
1448,209423,1.98,MPEG audio file,Europe
1449,138266,0.99,MPEG audio file,Asia
1450,293276,0.99,MPEG audio file,Asia
1451,165067,0.99,MPEG audio file,Asia
1452,177606,0.99,MPEG audio file,Asia
1453,220081,1.98,MPEG audio file,Asia
1454,243591,2.97,MPEG audio file,Asia
1455,194768,3.96,MPEG audio file,Asia
1456,240091,3.96,MPEG audio file,Asia
1457,172016,4.95,MPEG audio file,Asia
1458,228336,0.99,MPEG audio file,Europe
1459,262687,0.99,MPEG audio file,Europe
1460,157727,0.99,MPEG audio file,Europe
1461,496692,1.98,MPEG audio file,Europe
1462,270497,1.98,MPEG audio file,Europe
1463,193906,1.98,MPEG audio file,Europe
1464,202318,1.98,MPEG audio file,Europe
1465,247954,1.98,MPEG audio file,Europe
1466,238837,2.97,MPEG audio file,Europe
1467,324362,2.97,MPEG audio file,Europe
1468,882834,3.96,MPEG audio file,Europe
1469,189387,4.95,MPEG audio file,Europe
1470,256992,4.95,MPEG audio file,Europe
1471,249600,4.95,MPEG audio file,Europe
1472,250697,0.99,MPEG audio file,North  America
1473,297456,0.99,MPEG audio file,North  America
1474,238027,1.98,MPEG audio file,North  America
1475,231784,2.97,MPEG audio file,North  America
1476,225123,2.97,MPEG audio file,North  America
1477,253570,2.97,MPEG audio file,North  America
1478,312476,2.97,MPEG audio file,North  America
1479,320365,2.97,MPEG audio file,North  America
1480,248476,3.96,MPEG audio file,North  America
1481,336927,0.99,MPEG audio file,North  America
1482,240091,0.99,MPEG audio file,North  America
1483,310386,0.99,MPEG audio file,North  America
1484,281155,2.97,MPEG audio file,North  America
1485,232202,2.97,MPEG audio file,North  America
1486,264019,3.96,MPEG audio file,North  America
1487,286981,0.99,MPEG audio file,Europe
1488,505521,0.99,MPEG audio file,Europe
1489,63764,0.99,MPEG audio file,Europe
1490,195526,1.98,MPEG audio file,Europe
1491,337084,1.98,MPEG audio file,Europe
1492,333191,1.98,MPEG audio file,Europe
1493,513541,1.98,MPEG audio file,Europe
1494,372636,2.97,MPEG audio file,Europe
1495,211435,4.95,MPEG audio file,Europe
1496,244114,0.99,MPEG audio file,Europe
1497,317231,0.99,MPEG audio file,Europe
1498,289488,0.99,MPEG audio file,Europe
1499,192992,0.99,MPEG audio file,Europe
1500,254615,0.99,MPEG audio file,Europe
1501,164284,0.99,MPEG audio file,Europe
1502,205766,0.99,MPEG audio file,Europe
1503,326739,2.97,MPEG audio file,Europe
1504,215693,3.96,MPEG audio file,Europe
1505,249756,4.95,MPEG audio file,Europe
1506,165825,4.95,MPEG audio file,Europe
1507,154853,4.95,MPEG audio file,Europe
1508,222119,4.95,MPEG audio file,Europe
1509,249155,4.95,MPEG audio file,Europe
1510,149472,4.95,MPEG audio file,Europe
1511,204643,0.99,MPEG audio file,Europe
1512,164414,0.99,MPEG audio file,North  America
1513,132310,1.98,MPEG audio file,North  America
1514,197224,4.95,MPEG audio file,Europe
1515,513750,0.99,MPEG audio file,Europe
1516,161280,3.96,MPEG audio file,Europe
1517,289619,4.95,MPEG audio file,Europe
1518,338520,4.95,MPEG audio file,Europe
1519,90148,0.99,MPEG audio file,South America
1520,172068,0.99,MPEG audio file,South America
1521,153155,0.99,MPEG audio file,South America
1522,206471,0.99,MPEG audio file,South America
1523,262974,2.97,MPEG audio file,South America
1524,242782,4.95,MPEG audio file,South America
1525,199131,0.99,MPEG audio file,North  America
1526,209084,3.96,MPEG audio file,North  America
1527,195840,4.95,MPEG audio file,North  America
1528,2623875,5.97,Protected MPEG-4 video file,North  America
1529,287895,1.98,MPEG audio file,North  America
1530,221361,2.97,MPEG audio file,North  America
1531,288496,2.97,MPEG audio file,North  America
1532,270288,4.95,MPEG audio file,North  America
1533,2622622,1.99,Protected MPEG-4 video file,North  America
1534,2590032,1.99,Protected MPEG-4 video file,North  America
1535,2782333,1.99,Protected MPEG-4 video file,North  America
1536,2601101,3.98,Protected MPEG-4 video file,North  America
1537,2561394,3.98,Protected MPEG-4 video file,North  America
1538,2613988,7.96,Protected MPEG-4 video file,North  America
1539,2629796,7.96,Protected MPEG-4 video file,North  America
1540,2593760,9.95,Protected MPEG-4 video file,North  America
1541,347951,0.99,MPEG audio file,Europe
1542,270132,0.99,MPEG audio file,Europe
1543,219141,1.98,MPEG audio file,Europe
1544,262034,3.96,MPEG audio file,Europe
1545,231680,4.95,MPEG audio file,Europe
1546,285753,1.98,MPEG audio file,Europe
1547,307539,2.97,MPEG audio file,Europe
1548,293041,3.96,MPEG audio file,Europe
1549,322533,4.95,MPEG audio file,Europe
1550,255869,0.99,MPEG audio file,Europe
1551,292832,1.98,MPEG audio file,Europe
1552,299023,1.98,MPEG audio file,Europe
1553,349831,2.97,MPEG audio file,Europe
1554,382458,3.96,MPEG audio file,Europe
1555,337005,4.95,MPEG audio file,Europe
1556,242102,0.99,MPEG audio file,Oceania
1557,82860,0.99,MPEG audio file,Oceania
1558,228806,0.99,MPEG audio file,Oceania
1559,278204,1.98,MPEG audio file,Oceania
1560,260284,1.98,MPEG audio file,Oceania
1561,270053,2.97,MPEG audio file,Oceania
1562,295183,3.96,MPEG audio file,Oceania
1563,243487,3.96,MPEG audio file,Oceania
1564,324440,3.96,MPEG audio file,Oceania
1565,235911,0.99,MPEG audio file,Europe
1566,248398,0.99,MPEG audio file,Europe
1567,259265,1.98,MPEG audio file,Europe
1568,398210,1.98,MPEG audio file,Europe
1569,182073,1.98,MPEG audio file,Europe
1570,299102,2.97,MPEG audio file,Europe
1571,185208,2.97,MPEG audio file,Europe
1572,250853,2.97,MPEG audio file,Europe
1573,208953,2.97,MPEG audio file,Europe
1574,308950,3.96,MPEG audio file,Europe
1575,327392,3.96,MPEG audio file,Europe
1576,1325458,3.98,Protected MPEG-4 video file,Europe
1577,1328870,3.98,Protected MPEG-4 video file,Europe
1578,2601017,9.95,Protected MPEG-4 video file,Europe
1579,1326534,9.95,Protected MPEG-4 video file,North  America
1580,1280113,1.99,Protected MPEG-4 video file,North  America
1581,1297213,3.98,Protected MPEG-4 video file,North  America
1582,1822781,7.96,Protected MPEG-4 video file,North  America
1583,1276526,9.95,Protected MPEG-4 video file,North  America
1584,1700241,5.97,Protected MPEG-4 video file,North  America
1585,1271688,7.96,Protected MPEG-4 video file,North  America
1586,1273064,7.96,Protected MPEG-4 video file,North  America
1587,1271521,9.95,Protected MPEG-4 video file,North  America
1588,1271229,1.99,Protected MPEG-4 video file,North  America
1589,2923298,1.99,Protected MPEG-4 video file,North  America
1590,2952702,1.99,Protected MPEG-4 video file,North  America
1591,2541875,3.98,Protected MPEG-4 video file,North  America
1592,2914664,9.95,Protected MPEG-4 video file,North  America
1593,2924341,9.95,Protected MPEG-4 video file,North  America
1594,260410,0.99,Protected AAC audio file,Europe
1595,552308,0.99,Protected AAC audio file,Europe
1596,515435,1.98,Protected AAC audio file,Europe
1597,390674,2.97,Protected AAC audio file,Europe
1598,192329,3.96,Protected AAC audio file,Europe
1599,227995,3.96,Protected AAC audio file,Europe
1600,274644,4.95,Protected AAC audio file,Europe
1601,2484567,1.99,Protected MPEG-4 video file,Europe
1602,2960293,5.97,Protected MPEG-4 video file,Europe
1603,199923,0.99,AAC audio file,Europe
1604,232881,0.99,MPEG audio file,Europe
1605,300564,4.95,MPEG audio file,Europe
1606,69120,4.95,MPEG audio file,Europe
1607,21211,4.95,MPEG audio file,Europe
1608,143288,0.99,Protected AAC audio file,Europe
1609,260154,2.97,Protected AAC audio file,Europe
1610,298049,2.97,Protected AAC audio file,Europe
1611,281401,2.97,Protected AAC audio file,Europe
1612,414474,2.97,Protected AAC audio file,Europe
1613,189008,3.96,Protected AAC audio file,Europe
1614,2582957,3.98,Protected MPEG-4 video file,Europe
1615,2588797,3.98,Protected MPEG-4 video file,Europe
1616,2492867,9.95,Protected MPEG-4 video file,Europe
1617,545203,4.95,Protected AAC audio file,South America
1618,560342,0.99,Protected AAC audio file,Asia
1619,307244,0.99,Protected AAC audio file,Asia
1620,268066,3.96,Protected AAC audio file,South America
1621,406000,4.95,Protected AAC audio file,South America
1622,483133,0.99,Protected AAC audio file,North  America
1623,412000,1.98,Protected AAC audio file,North  America
1624,561967,4.95,Protected AAC audio file,North  America
1625,275015,4.95,Protected AAC audio file,North  America
1626,253422,0.99,Protected AAC audio file,Europe
1627,362933,1.98,Protected AAC audio file,Europe
1628,221413,1.98,Protected AAC audio file,Europe
1629,418293,2.97,Protected AAC audio file,Europe
1630,191933,3.96,Protected AAC audio file,Europe
1631,129666,4.95,Protected AAC audio file,Europe
1632,203102,1.98,MPEG audio file,South America
1633,254380,3.96,MPEG audio file,South America
1634,331180,4.95,MPEG audio file,South America
1635,286998,0.99,Protected AAC audio file,South America
1636,300884,0.99,Protected AAC audio file,South America
1637,230619,0.99,Protected AAC audio file,South America
1638,225933,1.98,Protected AAC audio file,South America
1639,139200,2.97,Protected AAC audio file,South America
1640,142081,3.96,Protected AAC audio file,South America
1641,366837,0.99,MPEG audio file,North  America
1642,246151,0.99,MPEG audio file,North  America
1643,350197,0.99,MPEG audio file,North  America
1644,247327,0.99,MPEG audio file,North  America
1645,284368,0.99,MPEG audio file,North  America
1646,249234,0.99,MPEG audio file,North  America
1647,255869,1.98,MPEG audio file,North  America
1648,169900,1.98,MPEG audio file,North  America
1649,227631,1.98,MPEG audio file,North  America
1650,206053,1.98,MPEG audio file,North  America
1651,143830,1.98,MPEG audio file,North  America
1652,147591,2.97,MPEG audio file,North  America
1653,356519,3.96,MPEG audio file,North  America
1654,277577,4.95,MPEG audio file,North  America
1655,331676,3.96,MPEG audio file,Europe
1656,173087,1.98,MPEG audio file,Europe
1657,350458,2.97,MPEG audio file,Europe
1658,234814,2.97,MPEG audio file,Europe
1659,204251,4.95,MPEG audio file,Europe
1660,173008,0.99,MPEG audio file,Europe
1661,223216,0.99,MPEG audio file,Europe
1662,317936,1.98,MPEG audio file,Europe
1663,300721,3.96,MPEG audio file,Europe
1664,283167,0.99,MPEG audio file,Europe
1665,341655,2.97,MPEG audio file,Europe
1666,204721,3.96,MPEG audio file,Europe
1667,175386,3.96,MPEG audio file,Europe
1668,239020,4.95,MPEG audio file,Europe
1669,494393,4.95,MPEG audio file,Europe
1670,177397,0.99,MPEG audio file,Europe
1671,133172,1.98,MPEG audio file,Europe
1672,162429,1.98,MPEG audio file,Europe
1673,317570,1.98,MPEG audio file,Europe
1674,200933,1.98,MPEG audio file,Europe
1675,284264,1.98,MPEG audio file,Europe
1676,294765,2.97,MPEG audio file,Europe
1677,234501,3.96,MPEG audio file,Europe
1678,436636,4.95,MPEG audio file,Europe
1679,193253,0.99,MPEG audio file,South America
1680,232280,0.99,MPEG audio file,South America
1681,273920,0.99,MPEG audio file,South America
1682,71627,1.98,MPEG audio file,South America
1683,244715,1.98,MPEG audio file,South America
1684,194194,1.98,MPEG audio file,South America
1685,231392,1.98,MPEG audio file,South America
1686,178155,1.98,MPEG audio file,South America
1687,248293,1.98,MPEG audio file,South America
1688,286720,2.97,MPEG audio file,South America
1689,359680,2.97,MPEG audio file,South America
1690,206654,3.96,MPEG audio file,South America
1691,146677,4.95,MPEG audio file,South America
1692,161149,4.95,MPEG audio file,South America
1693,313704,3.96,MPEG audio file,North  America
1694,279484,0.99,MPEG audio file,North  America
1695,170292,1.98,MPEG audio file,North  America
1696,271960,2.97,MPEG audio file,North  America
1697,157988,4.95,MPEG audio file,North  America
1698,162716,0.99,MPEG audio file,North  America
1699,280137,2.97,MPEG audio file,North  America
1700,270158,3.96,MPEG audio file,North  America
1701,389642,4.95,MPEG audio file,North  America
1702,297691,0.99,MPEG audio file,North  America
1703,397531,1.98,MPEG audio file,North  America
1704,366524,1.98,MPEG audio file,North  America
1705,238994,2.97,MPEG audio file,North  America
1706,262608,2.97,MPEG audio file,North  America
1707,259108,4.95,MPEG audio file,North  America
1708,151170,0.99,MPEG audio file,North  America
1709,178364,0.99,MPEG audio file,North  America
1710,287634,0.99,MPEG audio file,North  America
1711,225332,0.99,MPEG audio file,North  America
1712,274259,2.97,MPEG audio file,North  America
1713,320444,2.97,MPEG audio file,North  America
1714,168803,3.96,MPEG audio file,North  America
1715,227291,4.95,MPEG audio file,North  America
1716,314148,4.95,MPEG audio file,North  America
1717,147670,0.99,MPEG audio file,Europe
1718,351320,0.99,MPEG audio file,Europe
1719,287817,1.98,MPEG audio file,Europe
1720,357459,1.98,MPEG audio file,Europe
1721,196545,1.98,MPEG audio file,Europe
1722,618031,1.98,MPEG audio file,Europe
1723,189257,2.97,MPEG audio file,Europe
1724,295235,2.97,MPEG audio file,Europe
1725,330684,3.96,MPEG audio file,Europe
1726,230269,3.96,MPEG audio file,Europe
1727,181577,3.96,MPEG audio file,Europe
1728,327000,3.96,MPEG audio file,Europe
1729,291892,3.96,MPEG audio file,Europe
1730,354899,4.95,MPEG audio file,Europe
1731,348212,3.96,MPEG audio file,Europe
1732,187637,0.99,MPEG audio file,Europe
1733,201430,2.97,MPEG audio file,South America
1734,179800,3.96,MPEG audio file,South America
1735,191555,4.95,MPEG audio file,Europe
1736,163030,2.97,MPEG audio file,Asia
1737,179565,2.97,MPEG audio file,Asia
1738,194089,2.97,MPEG audio file,Asia
1739,282331,3.96,MPEG audio file,Asia
1740,219898,0.99,MPEG audio file,North  America
1741,162142,1.98,MPEG audio file,North  America
1742,392437,1.98,MPEG audio file,North  America
1743,274834,1.98,MPEG audio file,North  America
1744,199627,2.97,MPEG audio file,North  America
1745,212636,4.95,MPEG audio file,North  America
1746,238341,0.99,MPEG audio file,Europe
1747,251768,1.98,MPEG audio file,Europe
1748,163239,1.98,MPEG audio file,Europe
1749,253596,1.98,MPEG audio file,Europe
1750,275565,3.96,MPEG audio file,Europe
1751,162899,3.96,MPEG audio file,Europe
1752,175490,3.96,MPEG audio file,Europe
1753,218880,3.96,MPEG audio file,Europe
1754,186044,4.95,MPEG audio file,Europe
1755,423653,0.99,MPEG audio file,North  America
1756,243017,0.99,MPEG audio file,North  America
1757,328385,0.99,MPEG audio file,North  America
1758,257280,0.99,MPEG audio file,North  America
1759,414902,1.98,MPEG audio file,North  America
1760,290455,1.98,MPEG audio file,North  America
1761,451840,1.98,MPEG audio file,North  America
1762,356963,1.98,MPEG audio file,North  America
1763,174654,2.97,MPEG audio file,North  America
1764,212453,3.96,MPEG audio file,North  America
1765,246413,3.96,MPEG audio file,North  America
1766,278804,3.96,MPEG audio file,North  America
1767,188473,4.95,MPEG audio file,North  America
1768,319111,4.95,MPEG audio file,North  America
1769,213237,4.95,MPEG audio file,North  America
1770,286432,1.98,MPEG audio file,North  America
1771,274181,3.96,MPEG audio file,Europe
1772,327784,4.95,MPEG audio file,Europe
1773,280999,4.95,MPEG audio file,North  America
1774,337423,0.99,MPEG audio file,Europe
1775,236355,1.98,MPEG audio file,Europe
1776,270968,2.97,MPEG audio file,Europe
1777,253962,4.95,MPEG audio file,Europe
1778,253335,0.99,MPEG audio file,Europe
1779,247379,1.98,MPEG audio file,Europe
1780,241397,2.97,MPEG audio file,Europe
1781,430733,3.96,MPEG audio file,Europe
1782,166608,3.96,MPEG audio file,Europe
1783,284133,4.95,MPEG audio file,Europe
1784,251663,0.99,MPEG audio file,Europe
1785,203363,0.99,MPEG audio file,Europe
1786,222432,1.98,MPEG audio file,Europe
1787,180401,1.98,MPEG audio file,Europe
1788,137482,1.98,MPEG audio file,Europe
1789,263235,2.97,MPEG audio file,Europe
1790,191320,2.97,MPEG audio file,Europe
1791,328724,2.97,MPEG audio file,Europe
1792,140852,4.95,MPEG audio file,Europe
1793,237165,0.99,MPEG audio file,South America
1794,298997,0.99,MPEG audio file,South America
1795,193280,0.99,MPEG audio file,South America
1796,261041,0.99,MPEG audio file,South America
1797,266605,1.98,MPEG audio file,South America
1798,231523,1.98,MPEG audio file,South America
1799,149995,2.97,MPEG audio file,South America
1800,213760,2.97,MPEG audio file,South America
1801,266370,3.96,MPEG audio file,South America
1802,179252,3.96,MPEG audio file,South America
1803,250749,3.96,MPEG audio file,South America
1804,147226,4.95,MPEG audio file,South America
1805,324597,4.95,MPEG audio file,South America
1806,199523,4.95,MPEG audio file,South America
1807,295262,0.99,MPEG audio file,South America
1808,263471,1.98,MPEG audio file,North  America
1809,357485,1.98,MPEG audio file,North  America
1810,236695,2.97,MPEG audio file,South America
1811,282409,2.97,MPEG audio file,South America
1812,316969,0.99,MPEG audio file,North  America
1813,234971,1.98,MPEG audio file,North  America
1814,259526,2.97,MPEG audio file,North  America
1815,294530,3.96,MPEG audio file,North  America
1816,293093,1.98,MPEG audio file,North  America
1817,302733,1.98,MPEG audio file,North  America
1818,218305,4.95,MPEG audio file,North  America
1819,278177,4.95,MPEG audio file,North  America
1820,247170,4.95,MPEG audio file,North  America
1821,260022,4.95,MPEG audio file,North  America
1822,205871,0.99,MPEG audio file,North  America
1823,287477,0.99,MPEG audio file,North  America
1824,261355,1.98,MPEG audio file,North  America
1825,174419,3.96,MPEG audio file,North  America
1826,252316,4.95,MPEG audio file,North  America
1827,375349,0.99,Protected AAC audio file,North  America
1828,406347,0.99,Protected AAC audio file,North  America
1829,161539,3.96,Protected AAC audio file,North  America
1830,156268,4.95,Protected AAC audio file,North  America
1831,391105,0.99,MPEG audio file,Europe
1832,203049,0.99,MPEG audio file,Europe
1833,366550,0.99,MPEG audio file,Europe
1834,506801,0.99,MPEG audio file,Europe
1835,294112,0.99,MPEG audio file,Europe
1836,231627,1.98,MPEG audio file,Europe
1837,174106,1.98,MPEG audio file,Europe
1838,528666,2.97,MPEG audio file,Europe
1839,275539,2.97,MPEG audio file,Europe
1840,197276,3.96,MPEG audio file,Europe
1841,289358,3.96,MPEG audio file,Europe
1842,282488,3.96,MPEG audio file,Europe
1843,321123,4.95,MPEG audio file,Europe
1844,564893,4.95,Protected AAC audio file,Europe
1845,447791,1.98,MPEG audio file,Europe
1846,263941,1.98,MPEG audio file,Europe
1847,318511,3.96,MPEG audio file,Europe
1848,232672,4.95,MPEG audio file,Europe
1849,255582,4.95,MPEG audio file,Europe
1850,284238,1.98,MPEG audio file,Europe
1851,250853,1.98,MPEG audio file,Europe
1852,369554,1.98,MPEG audio file,Europe
1853,275408,3.96,MPEG audio file,Europe
1854,445283,0.99,MPEG audio file,Asia
1855,649116,2.97,MPEG audio file,Asia
1856,242729,3.96,MPEG audio file,Asia
1857,816509,3.96,MPEG audio file,Asia
1858,251454,4.95,MPEG audio file,Asia
1859,366785,4.95,MPEG audio file,Asia
1860,267023,0.99,MPEG audio file,Europe
1861,228440,1.98,MPEG audio file,Europe
1862,340767,3.96,MPEG audio file,Europe
1863,678008,3.96,MPEG audio file,Europe
1864,344502,4.95,MPEG audio file,Europe
1865,312476,4.95,MPEG audio file,Europe
1866,330292,4.95,MPEG audio file,Europe
1867,142889,0.99,MPEG audio file,North  America
1868,354560,0.99,MPEG audio file,North  America
1869,367281,0.99,MPEG audio file,North  America
1870,334236,0.99,MPEG audio file,North  America
1871,340218,1.98,MPEG audio file,North  America
1872,200463,2.97,MPEG audio file,North  America
1873,250462,3.96,MPEG audio file,North  America
1874,191216,3.96,MPEG audio file,North  America
1875,213890,4.95,MPEG audio file,North  America
1876,305162,4.95,MPEG audio file,North  America
1877,290664,0.99,MPEG audio file,North  America
1878,265952,2.97,MPEG audio file,North  America
1879,219350,4.95,MPEG audio file,North  America
1880,335542,4.95,MPEG audio file,North  America
1881,193619,0.99,MPEG audio file,North  America
1882,198060,1.98,MPEG audio file,North  America
1883,254354,2.97,MPEG audio file,North  America
1884,282253,4.95,MPEG audio file,North  America
1885,222354,1.98,MPEG audio file,Europe
1886,234605,1.98,MPEG audio file,Europe
1887,157570,1.98,MPEG audio file,Europe
1888,215954,1.98,MPEG audio file,Europe
1889,416365,3.96,MPEG audio file,Europe
1890,369815,4.95,MPEG audio file,Europe
1891,386063,1.98,MPEG audio file,Europe
1892,275591,1.98,MPEG audio file,Europe
1893,334471,1.98,MPEG audio file,Europe
1894,444055,1.98,MPEG audio file,Europe
1895,219376,1.98,MPEG audio file,Europe
1896,290089,4.95,MPEG audio file,Europe
1897,329639,4.95,MPEG audio file,Europe
1898,410566,4.95,MPEG audio file,Europe
1899,284447,4.95,MPEG audio file,Europe
1900,278256,0.99,MPEG audio file,Europe
1901,323056,0.99,MPEG audio file,Europe
1902,302158,0.99,MPEG audio file,Europe
1903,210755,0.99,MPEG audio file,Europe
1904,192339,0.99,MPEG audio file,Europe
1905,208065,1.98,MPEG audio file,Europe
1906,230034,1.98,MPEG audio file,Europe
1907,202213,2.97,MPEG audio file,Europe
1908,146703,2.97,MPEG audio file,Europe
1909,178207,2.97,MPEG audio file,Europe
1910,283036,2.97,MPEG audio file,Europe
1911,230321,2.97,MPEG audio file,Europe
1912,231993,3.96,MPEG audio file,Europe
1913,272796,4.95,MPEG audio file,Europe
1914,273057,3.96,MPEG audio file,Europe
1915,194821,3.96,MPEG audio file,Europe
1916,222171,3.96,MPEG audio file,South America
1917,218540,4.95,MPEG audio file,Europe
1918,235833,4.95,MPEG audio file,South America
1919,216320,0.99,MPEG audio file,South America
1920,408163,1.98,MPEG audio file,South America
1921,198008,2.97,MPEG audio file,South America
1922,273371,2.97,MPEG audio file,South America
1923,244375,0.99,MPEG audio file,North  America
1924,295418,0.99,MPEG audio file,North  America
1925,216685,1.98,MPEG audio file,North  America
1926,227892,2.97,MPEG audio file,North  America
1927,189152,3.96,MPEG audio file,North  America
1928,409547,4.95,MPEG audio file,North  America
1929,257541,0.99,MPEG audio file,North  America
1930,414824,0.99,MPEG audio file,North  America
1931,398942,1.98,MPEG audio file,North  America
1932,312424,1.98,MPEG audio file,North  America
1933,500062,2.97,MPEG audio file,North  America
1934,302053,3.96,MPEG audio file,North  America
1935,240065,4.95,MPEG audio file,North  America
1936,322899,4.95,MPEG audio file,North  America
1937,457639,4.95,MPEG audio file,North  America
1938,212558,0.99,MPEG audio file,North  America
1939,199758,0.99,MPEG audio file,North  America
1940,221962,0.99,MPEG audio file,North  America
1941,213916,0.99,MPEG audio file,North  America
1942,214961,2.97,MPEG audio file,North  America
1943,229564,2.97,MPEG audio file,North  America
1944,510197,2.97,MPEG audio file,North  America
1945,385828,3.96,MPEG audio file,North  America
1946,190354,3.96,MPEG audio file,North  America
1947,301296,3.96,MPEG audio file,North  America
1948,413910,4.95,MPEG audio file,North  America
1949,254511,4.95,MPEG audio file,North  America
1950,255373,4.95,MPEG audio file,North  America
1951,274625,4.95,MPEG audio file,North  America
1952,223033,4.95,MPEG audio file,Europe
1953,262791,0.99,MPEG audio file,Europe
1954,267075,2.97,MPEG audio file,Europe
1955,161253,3.96,MPEG audio file,Europe
1956,258351,3.96,MPEG audio file,Europe
1957,329795,0.99,MPEG audio file,Europe
1958,199105,2.97,MPEG audio file,Europe
1959,188212,3.96,MPEG audio file,Europe
1960,306625,4.95,MPEG audio file,Europe
1961,235833,0.99,MPEG audio file,Europe
1962,240796,0.99,MPEG audio file,Europe
1963,178337,1.98,MPEG audio file,Europe
1964,217286,3.96,MPEG audio file,Europe
1965,184555,3.96,MPEG audio file,Europe
1966,245133,4.95,MPEG audio file,Europe
1967,202788,0.99,MPEG audio file,South America
1968,228754,1.98,MPEG audio file,South America
1969,208431,1.98,MPEG audio file,South America
1970,183588,3.96,MPEG audio file,South America
1971,227918,4.95,MPEG audio file,South America
1972,337057,4.95,MPEG audio file,South America
1973,176352,4.95,MPEG audio file,South America
1974,261224,4.95,MPEG audio file,South America
1975,251586,1.98,Protected AAC audio file,South America
1976,215510,0.99,MPEG audio file,South America
1977,221596,0.99,MPEG audio file,South America
1978,178573,2.97,MPEG audio file,South America
1979,221100,2.97,MPEG audio file,South America
1980,198844,2.97,MPEG audio file,South America
1981,122801,2.97,MPEG audio file,South America
1982,415712,2.97,MPEG audio file,South America
1983,251010,2.97,MPEG audio file,South America
1984,231888,2.97,MPEG audio file,South America
1985,205740,2.97,MPEG audio file,South America
1986,234684,3.96,MPEG audio file,South America
1987,162194,3.96,MPEG audio file,South America
1988,328228,3.96,MPEG audio file,South America
1989,336535,4.95,MPEG audio file,South America
1990,202004,1.98,MPEG audio file,North  America
1991,216946,1.98,MPEG audio file,North  America
1992,121808,3.96,MPEG audio file,North  America
1993,205923,3.96,MPEG audio file,North  America
1994,410409,4.95,MPEG audio file,North  America
1995,172225,0.99,MPEG audio file,North  America
1996,228832,1.98,MPEG audio file,North  America
1997,297351,1.98,MPEG audio file,North  America
1998,204695,2.97,MPEG audio file,North  America
1999,246674,3.96,MPEG audio file,North  America
2000,168489,3.96,MPEG audio file,North  America
2001,226298,4.95,MPEG audio file,North  America
2002,186958,4.95,MPEG audio file,North  America
2003,275356,4.95,MPEG audio file,North  America
2004,122671,4.95,MPEG audio file,North  America
2005,227709,0.99,MPEG audio file,Europe
2006,272352,0.99,MPEG audio file,Europe
2007,296777,0.99,MPEG audio file,Europe
2008,235911,2.97,MPEG audio file,Europe
2009,249782,2.97,MPEG audio file,Europe
2010,301688,2.97,MPEG audio file,Europe
2011,309498,3.96,MPEG audio file,Europe
2012,142132,4.95,MPEG audio file,Europe
2013,249051,4.95,MPEG audio file,Europe
2014,206524,0.99,MPEG audio file,Europe
2015,196702,0.99,MPEG audio file,Europe
2016,257906,0.99,MPEG audio file,Europe
2017,317413,1.98,MPEG audio file,Europe
2018,198164,1.98,MPEG audio file,Europe
2019,850259,1.98,MPEG audio file,Europe
2020,272169,1.98,MPEG audio file,Europe
2021,245551,1.98,MPEG audio file,Europe
2022,216790,2.97,MPEG audio file,Europe
2023,264359,2.97,MPEG audio file,Europe
2024,278987,2.97,MPEG audio file,Europe
2025,112613,4.95,MPEG audio file,Europe
2026,264515,4.95,MPEG audio file,Europe
2027,628062,4.95,MPEG audio file,Europe
2028,228336,0.99,MPEG audio file,North  America
2029,286302,1.98,MPEG audio file,Europe
2030,229877,1.98,MPEG audio file,Europe
2031,366471,3.96,MPEG audio file,Europe
2032,299389,4.95,MPEG audio file,Europe
2033,299389,0.99,MPEG audio file,Europe
2034,353462,2.97,MPEG audio file,Europe
2035,198556,4.95,MPEG audio file,Europe
2036,257306,4.95,MPEG audio file,Europe
2037,352966,0.99,MPEG audio file,South America
2038,321175,0.99,MPEG audio file,South America
2039,253753,1.98,MPEG audio file,South America
2040,294530,3.96,MPEG audio file,South America
2041,292153,4.95,MPEG audio file,South America
2042,208822,4.95,MPEG audio file,South America
2043,255555,0.99,MPEG audio file,North  America
2044,320078,1.98,MPEG audio file,North  America
2045,324623,2.97,MPEG audio file,North  America
2046,238315,3.96,MPEG audio file,North  America
2047,218723,3.96,MPEG audio file,North  America
2048,447582,3.96,MPEG audio file,North  America
2049,140826,4.95,MPEG audio file,North  America
2050,268094,4.95,MPEG audio file,North  America
2051,200698,4.95,MPEG audio file,North  America
2052,214360,0.99,MPEG audio file,North  America
2053,252630,1.98,MPEG audio file,North  America
2054,241031,1.98,MPEG audio file,North  America
2055,226063,1.98,MPEG audio file,North  America
2056,285492,1.98,MPEG audio file,North  America
2057,189675,2.97,MPEG audio file,North  America
2058,262817,2.97,MPEG audio file,North  America
2059,266893,2.97,MPEG audio file,North  America
2060,257488,2.97,MPEG audio file,North  America
2061,230896,2.97,MPEG audio file,North  America
2062,118726,3.96,MPEG audio file,North  America
2063,368431,3.96,MPEG audio file,North  America
2064,290951,3.96,MPEG audio file,North  America
2065,359314,4.95,MPEG audio file,North  America
2066,244114,3.96,MPEG audio file,Europe
2067,241867,0.99,MPEG audio file,Europe
2068,214752,1.98,MPEG audio file,Europe
2069,261903,1.98,MPEG audio file,Europe
2070,343170,3.96,MPEG audio file,Europe
2071,266292,2.97,MPEG audio file,Europe
2072,177711,3.96,MPEG audio file,Europe
2073,215405,3.96,MPEG audio file,Europe
2074,292466,4.95,MPEG audio file,Europe
2075,262556,0.99,MPEG audio file,Europe
2076,125152,1.98,MPEG audio file,Europe
2077,157126,1.98,MPEG audio file,Europe
2078,126615,3.96,MPEG audio file,Europe
2079,309472,4.95,MPEG audio file,Europe
2080,262791,4.95,MPEG audio file,Europe
2081,264359,0.99,MPEG audio file,South America
2082,56111,2.97,MPEG audio file,South America
2083,322612,2.97,MPEG audio file,South America
2084,246622,2.97,MPEG audio file,South America
2085,171389,2.97,MPEG audio file,South America
2086,139337,2.97,MPEG audio file,South America
2087,37120,3.96,MPEG audio file,South America
2088,237897,3.96,MPEG audio file,South America
2089,152607,4.95,MPEG audio file,South America
2090,207830,1.98,MPEG audio file,Europe
2091,349492,2.97,MPEG audio file,Europe
2092,2636428,1.99,Protected MPEG-4 video file,Europe
2093,2478041,3.98,Protected MPEG-4 video file,Europe
2094,2619887,3.98,Protected MPEG-4 video file,Europe
2095,2612250,3.98,Protected MPEG-4 video file,Europe
2096,2600266,5.97,Protected MPEG-4 video file,Europe
2097,2629879,5.97,Protected MPEG-4 video file,Europe
2098,2626376,5.97,Protected MPEG-4 video file,Europe
2099,2587370,5.97,Protected MPEG-4 video file,Europe
2100,2631327,5.97,Protected MPEG-4 video file,Europe
2101,2607649,7.96,Protected MPEG-4 video file,Europe
2102,2626626,7.96,Protected MPEG-4 video file,Europe
2103,2582009,9.95,Protected MPEG-4 video file,Europe
2104,288496,0.99,MPEG audio file,North  America
2105,330370,2.97,MPEG audio file,North  America
2106,185103,3.96,MPEG audio file,North  America
2107,234788,3.96,MPEG audio file,North  America
2108,257776,3.96,MPEG audio file,North  America
2109,242364,0.99,MPEG audio file,North  America
2110,289253,0.99,MPEG audio file,North  America
2111,213289,3.96,MPEG audio file,North  America
2112,202631,4.95,MPEG audio file,North  America
2113,319582,0.99,MPEG audio file,North  America
2114,276924,1.98,MPEG audio file,North  America
2115,290690,2.97,MPEG audio file,North  America
2116,303568,2.97,MPEG audio file,North  America
2117,153965,3.96,MPEG audio file,North  America
2118,280555,3.96,MPEG audio file,North  America
2119,183066,0.99,MPEG audio file,Europe
2120,179226,1.98,MPEG audio file,Europe
2121,267807,1.98,MPEG audio file,Europe
2122,43232,2.97,MPEG audio file,Europe
2123,280764,2.97,MPEG audio file,Europe
2124,225854,2.97,MPEG audio file,Europe
2125,191582,3.96,MPEG audio file,Europe
2126,283951,3.96,MPEG audio file,Europe
2127,418324,4.95,MPEG audio file,Europe
2128,102164,0.99,MPEG audio file,Europe
2129,151640,1.98,MPEG audio file,Europe
2130,391941,2.97,MPEG audio file,Europe
2131,273737,2.97,MPEG audio file,Europe
2132,260179,2.97,MPEG audio file,Europe
2133,206968,2.97,MPEG audio file,Europe
2134,514612,2.97,MPEG audio file,Europe
2135,107206,3.96,MPEG audio file,Europe
2136,291813,3.96,MPEG audio file,Europe
2137,180636,3.96,MPEG audio file,Europe
2138,270889,3.96,MPEG audio file,Europe
2139,421093,4.95,MPEG audio file,Europe
2140,152816,4.95,MPEG audio file,Europe
2141,102556,4.95,MPEG audio file,Europe
2142,1325458,3.98,Protected MPEG-4 video file,Asia
